,level_0,index,project_name,publication_year,publication_doi,site_name,latitude,longitude,geo_loc_name,sample_name,sample_host,sample_age,sample_age_doi,community_type,material,collection_date,archive,archive_project,archive_accession,SRR_accession
0,0,1,Warinner2014,2014,10.1038/ng.2906,Dalheim,51.565,8.84,Germany,B61,Homo sapiens,900,10.1038/ng.2906,oral,dental calculus,,SRA,PRJNA216965,SRS473742,SRR957738
1,1,1,Warinner2014,2014,10.1038/ng.2906,Dalheim,51.565,8.84,Germany,B61,Homo sapiens,900,10.1038/ng.2906,oral,dental calculus,,SRA,PRJNA216965,SRS473743,SRR957739
2,2,1,Warinner2014,2014,10.1038/ng.2906,Dalheim,51.565,8.84,Germany,B61,Homo sapiens,900,10.1038/ng.2906,oral,dental calculus,,SRA,PRJNA216965,SRS473744,SRR957740
3,3,1,Warinner2014,2014,10.1038/ng.2906,Dalheim,51.565,8.84,Germany,B61,Homo sapiens,900,10.1038/ng.2906,oral,dental calculus,,SRA,PRJNA216965,SRS473745,SRR957741
4,4,2,Warinner2014,2014,10.1038/ng.2906,Dalheim,51.565,8.84,Germany,G12,Homo sapiens,900,10.1038/ng.2906,oral,dental calculus,,SRA,PRJNA216965,SRS473747,SRR957742
5,5,2,Warinner2014,2014,10.1038/ng.2906,Dalheim,51.565,8.84,Germany,G12,Homo sapiens,900,10.1038/ng.2906,oral,dental calculus,,SRA,PRJNA216965,SRS473746,SRR957743
6,6,2,Warinner2014,2014,10.1038/ng.2906,Dalheim,51.565,8.84,Germany,G12,Homo sapiens,900,10.1038/ng.2906,oral,dental calculus,,SRA,PRJNA216965,SRS473748,SRR957744
7,7,2,Warinner2014,2014,10.1038/ng.2906,Dalheim,51.565,8.84,Germany,G12,Homo sapiens,900,10.1038/ng.2906,oral,dental calculus,,SRA,PRJNA216965,SRS473749,SRR957745
8,8,2,Warinner2014,2014,10.1038/ng.2906,Dalheim,51.565,8.84,Germany,G12,Homo sapiens,900,10.1038/ng.2906,oral,dental calculus,,SRA,PRJNA216965,SRS473750,SRR957746
9,9,76,Mann2018,2018,10.1038/s41598-018-28091-9,Camino del Molino,38.102,-1.865,Spain,C214,Homo sapiens,4700,10.1038/s41598-018-28091-9,oral,dental calculus,,SRA,PRJNA445215,SRS3078201,SRR6877286
10,10,77,Mann2018,2018,10.1038/s41598-018-28091-9,Camino del Molino,38.102,-1.865,Spain,C53,Homo sapiens,4700,10.1038/s41598-018-28091-9,oral,dental calculus,,SRA,PRJNA445215,SRS3078204,SRR6877284
11,11,78,Mann2018,2018,10.1038/s41598-018-28091-9,Anse a la Gourde,16.254,-61.203,Guadeloupe,F1948,Homo sapiens,800,10.1038/s41598-018-28091-9,oral,dental calculus,,SRA,PRJNA445215,SRS3078198,SRR6877290
12,12,79,Mann2018,2018,10.1038/s41598-018-28091-9,Anse a la Gourde,16.254,-61.203,Guadeloupe,F349A,Homo sapiens,800,10.1038/s41598-018-28091-9,oral,dental calculus,,SRA,PRJNA445215,SRS3078200,SRR6877288
13,13,80,Mann2018,2018,10.1038/s41598-018-28091-9,KhÃ¶vsgÃ¶l,49.66,99.61,Mongolia,H10,Homo sapiens,4400,10.1038/s41598-018-28091-9,oral,dental calculus,,SRA,PRJNA445215,SRS3078195,SRR6877292
14,14,81,Mann2018,2018,10.1038/s41598-018-28091-9,KhÃ¶vsgÃ¶l,49.66,99.61,Mongolia,H24,Homo sapiens,4400,10.1038/s41598-018-28091-9,oral,dental calculus,,SRA,PRJNA445215,SRS3078181,SRR6877323
15,15,82,Mann2018,2018,10.1038/s41598-018-28091-9,Kilteasheen,54.005,-8.201,Ireland,KT01,Homo sapiens,1000,10.1038/s41598-018-28091-9,oral,dental calculus,,SRA,PRJNA445215,SRS3078183,SRR6877304
16,16,82,Mann2018,2018,10.1038/s41598-018-28091-9,Kilteasheen,54.005,-8.201,Ireland,KT01,Homo sapiens,1000,10.1038/s41598-018-28091-9,oral,dental calculus,,SRA,PRJNA445215,SRS3078182,SRR6877305
17,17,83,Mann2018,2018,10.1038/s41598-018-28091-9,Kilteasheen,54.005,-8.201,Ireland,KT02,Homo sapiens,1000,10.1038/s41598-018-28091-9,oral,dental calculus,,SRA,PRJNA445215,SRS3078176,SRR6877392
18,18,84,Mann2018,2018,10.1038/s41598-018-28091-9,Kilteasheen,54.005,-8.201,Ireland,KT03,Homo sapiens,1000,10.1038/s41598-018-28091-9,oral,dental calculus,,SRA,PRJNA445215,SRS3078178,SRR6877308
19,19,85,Mann2018,2018,10.1038/s41598-018-28091-9,Kilteasheen,54.005,-8.201,Ireland,KT04,Homo sapiens,1000,10.1038/s41598-018-28091-9,oral,dental calculus,,SRA,PRJNA445215,SRS3078185,SRR6877303
20,20,86,Mann2018,2018,10.1038/s41598-018-28091-9,Kilteasheen,54.005,-8.201,Ireland,KT05,Homo sapiens,1000,10.1038/s41598-018-28091-9,oral,dental calculus,,SRA,PRJNA445215,SRS3078115,SRR6877372
21,21,86,Mann2018,2018,10.1038/s41598-018-28091-9,Kilteasheen,54.005,-8.201,Ireland,KT05,Homo sapiens,1000,10.1038/s41598-018-28091-9,oral,dental calculus,,SRA,PRJNA445215,SRS3078117,SRR6877370
22,22,87,Mann2018,2018,10.1038/s41598-018-28091-9,Kilteasheen,54.005,-8.201,Ireland,KT06,Homo sapiens,1000,10.1038/s41598-018-28091-9,oral,dental calculus,,SRA,PRJNA445215,SRS3078111,SRR6877376
23,23,88,Mann2018,2018,10.1038/s41598-018-28091-9,Kilteasheen,54.005,-8.201,Ireland,KT07,Homo sapiens,1000,10.1038/s41598-018-28091-9,oral,dental calculus,,SRA,PRJNA445215,SRS3078113,SRR6877374
24,24,89,Mann2018,2018,10.1038/s41598-018-28091-9,Kilteasheen,54.005,-8.201,Ireland,KT08,Homo sapiens,1000,10.1038/s41598-018-28091-9,oral,dental calculus,,SRA,PRJNA445215,SRS3078109,SRR6877378
25,25,89,Mann2018,2018,10.1038/s41598-018-28091-9,Kilteasheen,54.005,-8.201,Ireland,KT08,Homo sapiens,1000,10.1038/s41598-018-28091-9,oral,dental calculus,,SRA,PRJNA445215,SRS3078099,SRR6877388
26,26,90,Mann2018,2018,10.1038/s41598-018-28091-9,Kilteasheen,54.005,-8.201,Ireland,KT09,Homo sapiens,1000,10.1038/s41598-018-28091-9,oral,dental calculus,,SRA,PRJNA445215,SRS3078097,SRR6877390
27,27,90,Mann2018,2018,10.1038/s41598-018-28091-9,Kilteasheen,54.005,-8.201,Ireland,KT09,Homo sapiens,1000,10.1038/s41598-018-28091-9,oral,dental calculus,,SRA,PRJNA445215,SRS3078104,SRR6877384
28,28,91,Mann2018,2018,10.1038/s41598-018-28091-9,Kilteasheen,54.005,-8.201,Ireland,KT10,Homo sapiens,1000,10.1038/s41598-018-28091-9,oral,dental calculus,,SRA,PRJNA445215,SRS3078101,SRR6877386
29,29,92,Mann2018,2018,10.1038/s41598-018-28091-9,Kilteasheen,54.005,-8.201,Ireland,KT11,Homo sapiens,1000,10.1038/s41598-018-28091-9,oral,dental calculus,,SRA,PRJNA445215,SRS3078105,SRR6877382
30,30,93,Mann2018,2018,10.1038/s41598-018-28091-9,Kilteasheen,54.005,-8.201,Ireland,KT12,Homo sapiens,1000,10.1038/s41598-018-28091-9,oral,dental calculus,,SRA,PRJNA445215,SRS3078133,SRR6877354
31,31,94,Mann2018,2018,10.1038/s41598-018-28091-9,Kilteasheen,54.005,-8.201,Ireland,KT13,Homo sapiens,1000,10.1038/s41598-018-28091-9,oral,dental calculus,,SRA,PRJNA445215,SRS3078131,SRR6877356
32,32,94,Mann2018,2018,10.1038/s41598-018-28091-9,Kilteasheen,54.005,-8.201,Ireland,KT13,Homo sapiens,1000,10.1038/s41598-018-28091-9,oral,dental calculus,,SRA,PRJNA445215,SRS3078137,SRR6877350
33,33,95,Mann2018,2018,10.1038/s41598-018-28091-9,Kilteasheen,54.005,-8.201,Ireland,KT14,Homo sapiens,1000,10.1038/s41598-018-28091-9,oral,dental calculus,,SRA,PRJNA445215,SRS3078134,SRR6877352
34,34,95,Mann2018,2018,10.1038/s41598-018-28091-9,Kilteasheen,54.005,-8.201,Ireland,KT14,Homo sapiens,1000,10.1038/s41598-018-28091-9,oral,dental calculus,,SRA,PRJNA445215,SRS3078129,SRR6877358
35,35,96,Mann2018,2018,10.1038/s41598-018-28091-9,Kilteasheen,54.005,-8.201,Ireland,KT15,Homo sapiens,1000,10.1038/s41598-018-28091-9,oral,dental calculus,,SRA,PRJNA445215,SRS3078120,SRR6877367
36,36,97,Mann2018,2018,10.1038/s41598-018-28091-9,Kilteasheen,54.005,-8.201,Ireland,KT16,Homo sapiens,1000,10.1038/s41598-018-28091-9,oral,dental calculus,,SRA,PRJNA445215,SRS3078122,SRR6877365
37,37,98,Mann2018,2018,10.1038/s41598-018-28091-9,Kilteasheen,54.005,-8.201,Ireland,KT17,Homo sapiens,1000,10.1038/s41598-018-28091-9,oral,dental calculus,,SRA,PRJNA445215,SRS3078124,SRR6877363
38,38,99,Mann2018,2018,10.1038/s41598-018-28091-9,Kilteasheen,54.005,-8.201,Ireland,KT18,Homo sapiens,1000,10.1038/s41598-018-28091-9,oral,dental calculus,,SRA,PRJNA445215,SRS3078126,SRR6877361
39,39,100,Mann2018,2018,10.1038/s41598-018-28091-9,Kilteasheen,54.005,-8.201,Ireland,KT19,Homo sapiens,1000,10.1038/s41598-018-28091-9,oral,dental calculus,,SRA,PRJNA445215,SRS3078118,SRR6877369
40,40,101,Mann2018,2018,10.1038/s41598-018-28091-9,Kilteasheen,54.005,-8.201,Ireland,KT20,Homo sapiens,1000,10.1038/s41598-018-28091-9,oral,dental calculus,,SRA,PRJNA445215,SRS3078148,SRR6877338
41,41,102,Mann2018,2018,10.1038/s41598-018-28091-9,Kilteasheen,54.005,-8.201,Ireland,KT21,Homo sapiens,1000,10.1038/s41598-018-28091-9,oral,dental calculus,,SRA,PRJNA445215,SRS3078150,SRR6877336
42,42,103,Mann2018,2018,10.1038/s41598-018-28091-9,Kilteasheen,54.005,-8.201,Ireland,KT22,Homo sapiens,1000,10.1038/s41598-018-28091-9,oral,dental calculus,,SRA,PRJNA445215,SRS3078151,SRR6877334
43,43,104,Mann2018,2018,10.1038/s41598-018-28091-9,Kilteasheen,54.005,-8.201,Ireland,KT23,Homo sapiens,1000,10.1038/s41598-018-28091-9,oral,dental calculus,,SRA,PRJNA445215,SRS3078155,SRR6877332
44,44,105,Mann2018,2018,10.1038/s41598-018-28091-9,Kilteasheen,54.005,-8.201,Ireland,KT24,Homo sapiens,1000,10.1038/s41598-018-28091-9,oral,dental calculus,,SRA,PRJNA445215,SRS3078156,SRR6877330
45,45,105,Mann2018,2018,10.1038/s41598-018-28091-9,Kilteasheen,54.005,-8.201,Ireland,KT24,Homo sapiens,1000,10.1038/s41598-018-28091-9,oral,dental calculus,,SRA,PRJNA445215,SRS3078146,SRR6877342
46,46,106,Mann2018,2018,10.1038/s41598-018-28091-9,Kilteasheen,54.005,-8.201,Ireland,KT25,Homo sapiens,1000,10.1038/s41598-018-28091-9,oral,dental calculus,,SRA,PRJNA445215,SRS3078197,SRR6877344
47,47,106,Mann2018,2018,10.1038/s41598-018-28091-9,Kilteasheen,54.005,-8.201,Ireland,KT25,Homo sapiens,1000,10.1038/s41598-018-28091-9,oral,dental calculus,,SRA,PRJNA445215,SRS3078141,SRR6877346
48,48,107,Mann2018,2018,10.1038/s41598-018-28091-9,Kilteasheen,54.005,-8.201,Ireland,KT26,Homo sapiens,1000,10.1038/s41598-018-28091-9,oral,dental calculus,,SRA,PRJNA445215,SRS3078139,SRR6877348
49,49,107,Mann2018,2018,10.1038/s41598-018-28091-9,Kilteasheen,54.005,-8.201,Ireland,KT26,Homo sapiens,1000,10.1038/s41598-018-28091-9,oral,dental calculus,,SRA,PRJNA445215,SRS3078145,SRR6877340
50,50,108,Mann2018,2018,10.1038/s41598-018-28091-9,Kilteasheen,54.005,-8.201,Ireland,KT27,Homo sapiens,1000,10.1038/s41598-018-28091-9,oral,dental calculus,,SRA,PRJNA445215,SRS3078093,SRR6877395
51,51,109,Mann2018,2018,10.1038/s41598-018-28091-9,Kilteasheen,54.005,-8.201,Ireland,KT28,Homo sapiens,1000,10.1038/s41598-018-28091-9,oral,dental calculus,,SRA,PRJNA445215,SRS3078091,SRR6877397
52,52,109,Mann2018,2018,10.1038/s41598-018-28091-9,Kilteasheen,54.005,-8.201,Ireland,KT28,Homo sapiens,1000,10.1038/s41598-018-28091-9,oral,dental calculus,,SRA,PRJNA445215,SRS3078089,SRR6877399
53,53,110,Mann2018,2018,10.1038/s41598-018-28091-9,Kilteasheen,54.005,-8.201,Ireland,KT29,Homo sapiens,1000,10.1038/s41598-018-28091-9,oral,dental calculus,,SRA,PRJNA445215,SRS3078087,SRR6877401
54,54,110,Mann2018,2018,10.1038/s41598-018-28091-9,Kilteasheen,54.005,-8.201,Ireland,KT29,Homo sapiens,1000,10.1038/s41598-018-28091-9,oral,dental calculus,,SRA,PRJNA445215,SRS3078085,SRR6877403
55,55,111,Mann2018,2018,10.1038/s41598-018-28091-9,Kilteasheen,54.005,-8.201,Ireland,KT30,Homo sapiens,1000,10.1038/s41598-018-28091-9,oral,dental calculus,,SRA,PRJNA445215,SRS3078193,SRR6877294
56,56,112,Mann2018,2018,10.1038/s41598-018-28091-9,Kilteasheen,54.005,-8.201,Ireland,KT31,Homo sapiens,1000,10.1038/s41598-018-28091-9,oral,dental calculus,,SRA,PRJNA445215,SRS3078158,SRR6877328
57,57,112,Mann2018,2018,10.1038/s41598-018-28091-9,Kilteasheen,54.005,-8.201,Ireland,KT31,Homo sapiens,1000,10.1038/s41598-018-28091-9,oral,dental calculus,,SRA,PRJNA445215,SRS3078147,SRR6877339
58,58,113,Mann2018,2018,10.1038/s41598-018-28091-9,Kilteasheen,54.005,-8.201,Ireland,KT32,Homo sapiens,1000,10.1038/s41598-018-28091-9,oral,dental calculus,,SRA,PRJNA445215,SRS3078192,SRR6877296
59,59,113,Mann2018,2018,10.1038/s41598-018-28091-9,Kilteasheen,54.005,-8.201,Ireland,KT32,Homo sapiens,1000,10.1038/s41598-018-28091-9,oral,dental calculus,,SRA,PRJNA445215,SRS3078187,SRR6877300
60,60,114,Mann2018,2018,10.1038/s41598-018-28091-9,Kilteasheen,54.005,-8.201,Ireland,KT33,Homo sapiens,1000,10.1038/s41598-018-28091-9,oral,dental calculus,,SRA,PRJNA445215,SRS3078170,SRR6877316
61,61,115,Mann2018,2018,10.1038/s41598-018-28091-9,Kilteasheen,54.005,-8.201,Ireland,KT34,Homo sapiens,1000,10.1038/s41598-018-28091-9,oral,dental calculus,,SRA,PRJNA445215,SRS3078167,SRR6877318
62,62,116,Mann2018,2018,10.1038/s41598-018-28091-9,Kilteasheen,54.005,-8.201,Ireland,KT35,Homo sapiens,1000,10.1038/s41598-018-28091-9,oral,dental calculus,,SRA,PRJNA445215,SRS3078165,SRR6877320
63,63,117,Mann2018,2018,10.1038/s41598-018-28091-9,Kilteasheen,54.005,-8.201,Ireland,KT36,Homo sapiens,1000,10.1038/s41598-018-28091-9,oral,dental calculus,,SRA,PRJNA445215,SRS3078163,SRR6877322
64,64,117,Mann2018,2018,10.1038/s41598-018-28091-9,Kilteasheen,54.005,-8.201,Ireland,KT36,Homo sapiens,1000,10.1038/s41598-018-28091-9,oral,dental calculus,,SRA,PRJNA445215,SRS3078172,SRR6877313
65,65,118,Mann2018,2018,10.1038/s41598-018-28091-9,Norris Farms,40.23,-90.143,USA,NF217,Homo sapiens,700,10.1038/s41598-018-28091-9,oral,dental calculus,,SRA,PRJNA445215,SRS3078173,SRR6877312
66,66,119,Mann2018,2018,10.1038/s41598-018-28091-9,Norris Farms,40.23,-90.143,USA,NF47,Homo sapiens,700,10.1038/s41598-018-28091-9,oral,dental calculus,,SRA,PRJNA445215,SRS3078175,SRR6877310
67,67,120,Mann2018,2018,10.1038/s41598-018-28091-9,Middenbeemster,52.548,4.912,Netherlands,S108,Homo sapiens,300,10.1038/s41598-018-28091-9,oral,dental calculus,,SRA,PRJNA445215,SRS3078160,SRR6877326
68,68,121,Mann2018,2018,10.1038/s41598-018-28091-9,Samdzong,29.27,84.03,Nepal,S40,Homo sapiens,1400,10.1038/s41598-018-28091-9,oral,dental calculus,,SRA,PRJNA445215,SRS3078162,SRR6877324
69,69,122,Mann2018,2018,10.1038/s41598-018-28091-9,Samdzong,29.27,84.03,Nepal,S41,Homo sapiens,1400,10.1038/s41598-018-28091-9,oral,dental calculus,,SRA,PRJNA445215,SRS3078206,SRR6877282
70,70,123,Mann2018,2018,10.1038/s41598-018-28091-9,Middenbeemster,52.548,4.912,Netherlands,S454,Homo sapiens,300,10.1038/s41598-018-28091-9,oral,dental calculus,,SRA,PRJNA445215,SRS3078095,SRR6877393
71,159,222,Ozga2016,2016,10.1002/ajpa.22960,Norris Farms,40.23,-90.143,USA,NF-217C-SG,Homo sapiens,700,10.1002/ajpa.22960,oral,dental calculus,,SRA,PRJNA293758,SRS1052916,SRR2229976
72,160,223,Ozga2016,2016,10.1002/ajpa.22960,Norris Farms,40.23,-90.143,USA,NF-47C-SG,Homo sapiens,700,10.1002/ajpa.22960,oral,dental calculus,,SRA,PRJNA293758,SRS1052918,SRR2229974
73,163,226,NievesColon2020,2020,10.1093/molbev/msz267,Paso del Indio,18.41,-66.33,USA,PI-420A-C,Homo sapiens,700,10.1093/molbev/msz267,oral,dental calculus,,SRA,PRJNA557308,SRS5211976,SRR9898613
74,446,501,Eerkens2018,2018,10.1016/j.ijpp.2018.05.001,"CA-SCL-919, Santa Clara County",37.3,-121.8,USA,16,Homo sapiens,400,10.1016/j.ijpp.2018.05.001,oral,dental calculus,,SRA,PRJNA377320,SRS2006287,SRR5297130
75,447,502,Eerkens2018,2018,10.1016/j.ijpp.2018.05.001,"CA-SCL-919, Santa Clara County",37.3,-121.8,USA,2,Homo sapiens,500,10.1016/j.ijpp.2018.05.001,oral,dental calculus,,SRA,PRJNA377320,SRS2006289,SRR5297133
76,448,503,Eerkens2018,2018,10.1016/j.ijpp.2018.05.001,"CA-SCL-919, Santa Clara County",37.3,-121.8,USA,4,Homo sapiens,400,10.1016/j.ijpp.2018.05.001,oral,dental calculus,,SRA,PRJNA377320,SRS2006288,SRR5297132
77,449,504,Eerkens2018,2018,10.1016/j.ijpp.2018.05.001,"CA-SCL-919, Santa Clara County",37.3,-121.8,USA,15,Homo sapiens,400,10.1016/j.ijpp.2018.05.001,oral,dental calculus,,SRA,PRJNA377320,SRS2006290,SRR5297131
78,450,505,Modi2020,2020,10.1007/s12520-019-00983-5,Porticus Octaviae (Rome),41.892,12.478,Italy,P.O 108-7,Homo sapiens,900,10.1007/s12520-019-00983-5,oral,dental calculus,2018.0,SRA,PRJNA660212,SRS7296485,SRR12557008
79,451,506,Modi2020,2020,10.1007/s12520-019-00983-5,Porticus Octaviae (Rome),41.892,12.478,Italy,P.O Z. US44,Homo sapiens,900,10.1007/s12520-019-00983-5,oral,dental calculus,2018.0,SRA,PRJNA660212,SRS7296487,SRR12557006
80,452,507,Modi2020,2020,10.1007/s12520-019-00983-5,Porticus Octaviae (Rome),41.892,12.478,Italy,P.O 898-11,Homo sapiens,1000,10.1007/s12520-019-00983-5,oral,dental calculus,2018.0,SRA,PRJNA660212,SRS7296488,SRR12557007
81,454,509,Eisenhofer2020,2020,10.1098/rstb.2019.0578,Tokyo,35.71,139.78,Japan,A18023_Japan_Edo_4,Homo sapiens,230,10.1098/rstb.2019.0578,oral,dental calculus,,SRA,PRJNA608555,SRS6212663,SRR11176627
82,455,510,Eisenhofer2020,2020,10.1098/rstb.2019.0578,Tokyo,35.71,139.78,Japan,A18022_Japan_Edo_3,Homo sapiens,230,10.1098/rstb.2019.0578,oral,dental calculus,,SRA,PRJNA608555,SRS6212662,SRR11176628
83,456,511,Eisenhofer2020,2020,10.1098/rstb.2019.0578,Tokyo,35.71,139.78,Japan,A18021_Japan_Edo_2,Homo sapiens,230,10.1098/rstb.2019.0578,oral,dental calculus,,SRA,PRJNA608555,SRS6212661,SRR11176629
84,457,512,Eisenhofer2020,2020,10.1098/rstb.2019.0578,Tokyo,35.71,139.78,Japan,A18020_Japan_Edo_1,Homo sapiens,230,10.1098/rstb.2019.0578,oral,dental calculus,,SRA,PRJNA608555,SRS6212660,SRR11176630
85,458,513,Eisenhofer2020,2020,10.1098/rstb.2019.0578,Ebishima,38.83,141.18,Japan,A18019_Japan_Jomon_5,Homo sapiens,2700,10.1098/rstb.2019.0578,oral,dental calculus,,SRA,PRJNA608555,SRS6212659,SRR11176631
86,459,514,Eisenhofer2020,2020,10.1098/rstb.2019.0578,Miyano,39.12,141.81,Japan,A18018_Japan_Jomon_4,Homo sapiens,2700,10.1098/rstb.2019.0578,oral,dental calculus,,SRA,PRJNA608555,SRS6212658,SRR11176632
87,460,515,Eisenhofer2020,2020,10.1098/rstb.2019.0578,Miyano,39.12,141.81,Japan,A18017_Japan_Jomon_3,Homo sapiens,2700,10.1098/rstb.2019.0578,oral,dental calculus,,SRA,PRJNA608555,SRS6212657,SRR11176633
88,461,516,Eisenhofer2020,2020,10.1098/rstb.2019.0578,Ikawazu,34.64,137.14,Japan,A18016_Japan_Jomon_2,Homo sapiens,2700,10.1098/rstb.2019.0578,oral,dental calculus,,SRA,PRJNA608555,SRS6212656,SRR11176634
89,462,517,Eisenhofer2020,2020,10.1098/rstb.2019.0578,Tokyo,35.71,139.78,Japan,A18033_Japan_Edo_10,Homo sapiens,230,10.1098/rstb.2019.0578,oral,dental calculus,,SRA,PRJNA608555,SRS6212655,SRR11176635
90,463,518,Eisenhofer2020,2020,10.1098/rstb.2019.0578,Tokyo,35.71,139.78,Japan,A18032_Japan_Edo_9,Homo sapiens,230,10.1098/rstb.2019.0578,oral,dental calculus,,SRA,PRJNA608555,SRS6212654,SRR11176636
91,464,519,Eisenhofer2020,2020,10.1098/rstb.2019.0578,Tokyo,35.71,139.78,Japan,A18027_Japan_Edo_8,Homo sapiens,230,10.1098/rstb.2019.0578,oral,dental calculus,,SRA,PRJNA608555,SRS6212652,SRR11176638
92,465,520,Eisenhofer2020,2020,10.1098/rstb.2019.0578,Tokyo,35.71,139.78,Japan,A18026_Japan_Edo_7,Homo sapiens,230,10.1098/rstb.2019.0578,oral,dental calculus,,SRA,PRJNA608555,SRS6212651,SRR11176639
93,466,521,Eisenhofer2020,2020,10.1098/rstb.2019.0578,Tokyo,35.71,139.78,Japan,A18025_Japan_Edo_6,Homo sapiens,230,10.1098/rstb.2019.0578,oral,dental calculus,,SRA,PRJNA608555,SRS6212650,SRR11176640
94,467,522,Eisenhofer2020,2020,10.1098/rstb.2019.0578,Tokyo,35.713,139.767,Japan,A18024_Japan_Edo_5,Homo sapiens,230,10.1098/rstb.2019.0578,oral,dental calculus,,SRA,PRJNA608555,SRS6212649,SRR11176641
95,468,523,Eisenhofer2020,2020,10.1098/rstb.2019.0578,Miyano,39.12,141.81,Japan,A18015_Japan_Jomon_1,Homo sapiens,2700,10.1098/rstb.2019.0578,oral,dental calculus,,SRA,PRJNA608555,SRS6212648,SRR11176642
96,469,524,Jacobson2020,2020,10.1098/rstb.2019.0586,Chan Chich,17.53,-89.11,Belize,MAWB_15,Homo sapiens,1300,10.1098/rstb.2019.0587,oral,dental calculus,,SRA,PRJNA657275,SRS7212796,SRR12462938
97,470,525,Jacobson2020,2020,10.1098/rstb.2019.0587,Chan Chich,17.53,-89.11,Belize,MAWB_12,Homo sapiens,1300,10.1098/rstb.2019.0587,oral,dental calculus,,SRA,PRJNA657275,SRS7212795,SRR12462939
98,471,526,Jacobson2020,2020,10.1098/rstb.2019.0588,Chan Chich,17.53,-89.11,Belize,MAWB_11,Homo sapiens,1300,10.1098/rstb.2019.0587,oral,dental calculus,,SRA,PRJNA657275,SRS7212794,SRR12462940
99,472,527,Jacobson2020,2020,10.1098/rstb.2019.0589,Chan Chich,17.53,-89.11,Belize,MAWB_10,Homo sapiens,1300,10.1098/rstb.2019.0587,oral,dental calculus,,SRA,PRJNA657275,SRS7212793,SRR12462941
100,473,528,Jacobson2020,2020,10.1098/rstb.2019.0590,Chan Chich,17.53,-89.11,Belize,MAWB_6,Homo sapiens,1300,10.1098/rstb.2019.0587,oral,dental calculus,,SRA,PRJNA657275,SRS7212792,SRR12462942
101,474,529,Jacobson2020,2020,10.1098/rstb.2019.0591,Chan,17.53,-89.11,Belize,MAWB_5,Homo sapiens,2000,10.1098/rstb.2019.0587,oral,dental calculus,,SRA,PRJNA657275,SRS7212791,SRR12462943
102,475,530,Jacobson2020,2020,10.1098/rstb.2019.0592,Chan,17.53,-89.11,Belize,MAWB_3,Homo sapiens,1400,10.1098/rstb.2019.0587,oral,dental calculus,,SRA,PRJNA657275,SRS7212790,SRR12462944
103,476,531,Jacobson2020,2020,10.1098/rstb.2019.0593,Perdalba (Sardara),39.58,8.85,Italy,SA_011,Homo sapiens,3600,10.1098/rstb.2019.0587,oral,dental calculus,,SRA,PRJNA657275,SRS7212789,SRR12462945
104,477,532,Jacobson2020,2020,10.1098/rstb.2019.0594,Perdalba (Sardara),39.58,8.85,Italy,SA_010,Homo sapiens,3600,10.1098/rstb.2019.0587,oral,dental calculus,,SRA,PRJNA657275,SRS7212804,SRR12462930
105,478,533,Jacobson2020,2020,10.1098/rstb.2019.0595,Perdalba (Sardara),39.58,8.85,Italy,SA_009,Homo sapiens,3600,10.1098/rstb.2019.0587,oral,dental calculus,,SRA,PRJNA657275,SRS7212803,SRR12462931
106,479,534,Jacobson2020,2020,10.1098/rstb.2019.0596,Capo Pecora (Arbus),39.448,8.391,Italy,SA_008,Homo sapiens,3400,10.1098/rstb.2019.0587,oral,dental calculus,,SRA,PRJNA657275,SRS7212802,SRR12462932
107,480,535,Jacobson2020,2020,10.1098/rstb.2019.0597,Capo Pecora (Arbus),39.448,8.391,Italy,SA_007,Homo sapiens,3400,10.1098/rstb.2019.0587,oral,dental calculus,,SRA,PRJNA657275,SRS7212801,SRR12462933
108,481,536,Jacobson2020,2020,10.1098/rstb.2019.0598,Capo Pecora (Arbus),39.448,8.391,Italy,SA_006,Homo sapiens,3400,10.1098/rstb.2019.0587,oral,dental calculus,,SRA,PRJNA657275,SRS7212800,SRR12462934
109,482,537,Jacobson2020,2020,10.1098/rstb.2019.0599,Capo Pecora (Arbus),39.448,8.391,Italy,SA_005,Homo sapiens,3400,10.1098/rstb.2019.0587,oral,dental calculus,,SRA,PRJNA657275,SRS7212799,SRR12462935
110,483,538,Jacobson2020,2020,10.1098/rstb.2019.0600,Lu Maccioni (Alghero),40.544,8.321,Italy,SA_004,Homo sapiens,3000,10.1098/rstb.2019.0587,oral,dental calculus,,SRA,PRJNA657275,SRS7212798,SRR12462936
111,484,539,Jacobson2020,2020,10.1098/rstb.2019.0601,Lu Maccioni (Alghero),40.544,8.321,Italy,SA_003,Homo sapiens,3000,10.1098/rstb.2019.0587,oral,dental calculus,,SRA,PRJNA657275,SRS7212797,SRR12462937
112,485,540,Jacobson2020,2020,10.1098/rstb.2019.0601,Lu Maccioni (Alghero),40.544,8.321,Italy,SA_002,Homo sapiens,3000,10.1098/rstb.2019.0587,oral,dental calculus,,SRA,PRJNA657275,SRS7212788,SRR12462946
113,486,541,Jacobson2020,2020,10.1098/rstb.2019.0601,Lu Maccioni (Alghero),40.544,8.321,Italy,SA_001,Homo sapiens,3000,10.1098/rstb.2019.0587,oral,dental calculus,,SRA,PRJNA657275,SRS7212787,SRR12462947
114,495,544,Williams2020,2020,10.1128/MRA.00850-20,"Medical Collection, American Museum of Natural History (New York)",40.781,-73.974,USA,AMNH98137_Q01,Homo sapiens,100,10.1128/MRA.00850-20,oral,dental calculus,,SRA,PRJNA643812,SRS6939170,SRR12136713
115,496,545,Williams2020,2020,10.1128/MRA.00850-20,"Kodiak Island Collection, National Museum of Natural History (Washington D.C.)",38.891,-77.026,USA,364459,Homo sapiens,100,10.1128/MRA.00850-20,oral,dental calculus,,SRA,PRJNA643812,SRS6939171,SRR12136712
116,497,547,Philips2017,2017,10.1186/s12864-020-06810-9,Gniezno,52.538,17.597,Poland,PCA0161,Homo sapiens,1000,10.1186/s12864-020-06810-9,oral,tooth,,SRA,PRJNA354503,SRS1815425,SRR5047194
117,498,548,Philips2017,2017,10.1186/s12864-020-06810-9,Gniezno,52.538,17.597,Poland,PCA0162,Homo sapiens,900,10.1186/s12864-020-06810-9,oral,tooth,,SRA,PRJNA354503,SRS1815300,SRR5047069
118,499,549,Philips2017,2017,10.1186/s12864-020-06810-9,Kowalewko,52.699,17.605,Poland,PCA0002,Homo sapiens,1800,10.1186/s12864-020-06810-9,oral,tooth,,SRA,PRJNA354503,SRS1815290,SRR5047060
119,500,550,Philips2017,2017,10.1186/s12864-020-06810-9,Kowalewko,52.699,17.605,Poland,PCA0001,Homo sapiens,1800,10.1186/s12864-020-06810-9,oral,tooth,,SRA,PRJNA354503,SRS1815306,SRR5047075
120,501,551,Philips2017,2017,10.1186/s12864-020-06810-9,Kowalewko,52.699,17.605,Poland,PCA0005,Homo sapiens,2000,10.1186/s12864-020-06810-9,oral,tooth,,SRA,PRJNA354503,SRS1815342,SRR5047111
121,502,552,Philips2017,2017,10.1186/s12864-020-06810-9,Kowalewko,52.699,17.605,Poland,PCA0007,Homo sapiens,1800,10.1186/s12864-020-06810-9,oral,tooth,,SRA,PRJNA354503,SRS1815363,SRR5047132
122,503,553,Philips2017,2017,10.1186/s12864-020-06810-9,Kowalewko,52.699,17.605,Poland,PCA0006,Homo sapiens,1800,10.1186/s12864-020-06810-9,oral,tooth,,SRA,PRJNA354503,SRS1815390,SRR5047159
123,504,554,Philips2017,2017,10.1186/s12864-020-06810-9,Kowalewko,52.699,17.605,Poland,PCA0004,Homo sapiens,1800,10.1186/s12864-020-06810-9,oral,tooth,,SRA,PRJNA354503,SRS1815395,SRR5047164
124,505,555,Philips2017,2017,10.1186/s12864-020-06810-9,Kowalewko,52.699,17.605,Poland,PCA0003,Homo sapiens,1800,10.1186/s12864-020-06810-9,oral,tooth,,SRA,PRJNA354503,SRS1815397,SRR5047166
125,506,556,Philips2017,2017,10.1186/s12864-020-06810-9,Kowalewko,52.699,17.605,Poland,PCA0015,Homo sapiens,1900,10.1186/s12864-020-06810-9,oral,tooth,,SRA,PRJNA354503,SRS1815278,SRR5047048
126,507,557,Philips2017,2017,10.1186/s12864-020-06810-9,Kowalewko,52.699,17.605,Poland,PCA0016,Homo sapiens,1800,10.1186/s12864-020-06810-9,oral,tooth,,SRA,PRJNA354503,SRS1815388,SRR5047157
127,508,558,Philips2017,2017,10.1186/s12864-020-06810-9,Kowalewko,52.699,17.605,Poland,PCA0017,Homo sapiens,1800,10.1186/s12864-020-06810-9,oral,tooth,,SRA,PRJNA354503,SRS1815282,SRR5047051
128,509,559,Philips2017,2017,10.1186/s12864-020-06810-9,Kowalewko,52.699,17.605,Poland,PCA0018,Homo sapiens,1800,10.1186/s12864-020-06810-9,oral,tooth,,SRA,PRJNA354503,SRS1815401,SRR5047170
129,510,560,Philips2017,2017,10.1186/s12864-020-06810-9,Kowalewko,52.699,17.605,Poland,PCA0019,Homo sapiens,1800,10.1186/s12864-020-06810-9,oral,tooth,,SRA,PRJNA354503,SRS1815396,SRR5047165
130,511,561,Philips2017,2017,10.1186/s12864-020-06810-9,Kowalewko,52.699,17.605,Poland,PCA0020,Homo sapiens,1900,10.1186/s12864-020-06810-9,oral,tooth,,SRA,PRJNA354503,SRS1815287,SRR5047057
131,512,562,Philips2017,2017,10.1186/s12864-020-06810-9,Kowalewko,52.699,17.605,Poland,PCA0021,Homo sapiens,1800,10.1186/s12864-020-06810-9,oral,tooth,,SRA,PRJNA354503,SRS1815317,SRR5047086
132,513,563,Philips2017,2017,10.1186/s12864-020-06810-9,Kowalewko,52.699,17.605,Poland,PCA0022,Homo sapiens,1800,10.1186/s12864-020-06810-9,oral,tooth,,SRA,PRJNA354503,SRS1815417,SRR5047187
133,514,564,Philips2017,2017,10.1186/s12864-020-06810-9,Kowalewko,52.699,17.605,Poland,PCA0023,Homo sapiens,1900,10.1186/s12864-020-06810-9,oral,tooth,,SRA,PRJNA354503,SRS1815274,SRR5047043
134,515,565,Philips2017,2017,10.1186/s12864-020-06810-9,Kowalewko,52.699,17.605,Poland,PCA0024,Homo sapiens,1800,10.1186/s12864-020-06810-9,oral,tooth,,SRA,PRJNA354503,SRS1815332,SRR5047101
135,516,566,Philips2017,2017,10.1186/s12864-020-06810-9,Kowalewko,52.699,17.605,Poland,PCA0025,Homo sapiens,1800,10.1186/s12864-020-06810-9,oral,tooth,,SRA,PRJNA354503,SRS1815311,SRR5047080
136,517,567,Philips2017,2017,10.1186/s12864-020-06810-9,Kowalewko,52.699,17.605,Poland,PCA0026,Homo sapiens,1900,10.1186/s12864-020-06810-9,oral,tooth,,SRA,PRJNA354503,SRS1815377,SRR5047146
137,518,568,Philips2017,2017,10.1186/s12864-020-06810-9,Kowalewko,52.699,17.605,Poland,PCA0027,Homo sapiens,1800,10.1186/s12864-020-06810-9,oral,tooth,,SRA,PRJNA354503,SRS1815301,SRR5047070
138,519,569,Philips2017,2017,10.1186/s12864-020-06810-9,Kowalewko,52.699,17.605,Poland,PCA0028,Homo sapiens,1800,10.1186/s12864-020-06810-9,oral,tooth,,SRA,PRJNA354503,SRS1815349,SRR5047118
139,520,570,Philips2017,2017,10.1186/s12864-020-06810-9,Kowalewko,52.699,17.605,Poland,PCA0029,Homo sapiens,1900,10.1186/s12864-020-06810-9,oral,tooth,,SRA,PRJNA354503,SRS1815316,SRR5047085
140,521,571,Philips2017,2017,10.1186/s12864-020-06810-9,Kowalewko,52.699,17.605,Poland,PCA0030,Homo sapiens,1900,10.1186/s12864-020-06810-9,oral,tooth,,SRA,PRJNA354503,SRS1815369,SRR5047138
141,522,572,Philips2017,2017,10.1186/s12864-020-06810-9,Kowalewko,52.699,17.605,Poland,PCA0031,Homo sapiens,1900,10.1186/s12864-020-06810-9,oral,tooth,,SRA,PRJNA354503,SRS1815399,SRR5047168
142,523,573,Philips2017,2017,10.1186/s12864-020-06810-9,Kowalewko,52.699,17.605,Poland,PCA0032,Homo sapiens,1800,10.1186/s12864-020-06810-9,oral,tooth,,SRA,PRJNA354503,SRS1815308,SRR5047077
143,524,574,Philips2017,2017,10.1186/s12864-020-06810-9,Kowalewko,52.699,17.605,Poland,PCA0033,Homo sapiens,1800,10.1186/s12864-020-06810-9,oral,tooth,,SRA,PRJNA354503,SRS1815386,SRR5047156
144,525,575,Philips2017,2017,10.1186/s12864-020-06810-9,Kowalewko,52.699,17.605,Poland,PCA0034,Homo sapiens,1900,10.1186/s12864-020-06810-9,oral,tooth,,SRA,PRJNA354503,SRS1815289,SRR5047058
145,526,576,Philips2017,2017,10.1186/s12864-020-06810-9,Kowalewko,52.699,17.605,Poland,PCA0035,Homo sapiens,1900,10.1186/s12864-020-06810-9,oral,tooth,,SRA,PRJNA354503,SRS1815299,SRR5047068
146,527,577,Philips2017,2017,10.1186/s12864-020-06810-9,Kowalewko,52.699,17.605,Poland,PCA0036,Homo sapiens,1900,10.1186/s12864-020-06810-9,oral,tooth,,SRA,PRJNA354503,SRS1815431,SRR5047200
147,528,578,Philips2017,2017,10.1186/s12864-020-06810-9,Kowalewko,52.699,17.605,Poland,PCA0037,Homo sapiens,1800,10.1186/s12864-020-06810-9,oral,tooth,,SRA,PRJNA354503,SRS1815328,SRR5047097
148,529,579,Philips2017,2017,10.1186/s12864-020-06810-9,Kowalewko,52.699,17.605,Poland,PCA0038,Homo sapiens,1800,10.1186/s12864-020-06810-9,oral,tooth,,SRA,PRJNA354503,SRS1815429,SRR5047198
149,530,580,Philips2017,2017,10.1186/s12864-020-06810-9,Kowalewko,52.699,17.605,Poland,PCA0039,Homo sapiens,1900,10.1186/s12864-020-06810-9,oral,tooth,,SRA,PRJNA354503,SRS1815408,SRR5047176
150,531,581,Philips2017,2017,10.1186/s12864-020-06810-9,Kowalewko,52.699,17.605,Poland,PCA0040,Homo sapiens,1900,10.1186/s12864-020-06810-9,oral,tooth,,SRA,PRJNA354503,SRS1815407,SRR5047177
151,532,582,Philips2017,2017,10.1186/s12864-020-06810-9,Kowalewko,52.699,17.605,Poland,PCA0041,Homo sapiens,1900,10.1186/s12864-020-06810-9,oral,tooth,,SRA,PRJNA354503,SRS1815307,SRR5047076
152,533,583,Philips2017,2017,10.1186/s12864-020-06810-9,Kowalewko,52.699,17.605,Poland,PCA0042,Homo sapiens,1900,10.1186/s12864-020-06810-9,oral,tooth,,SRA,PRJNA354503,SRS1815435,SRR5047203
153,534,584,Philips2017,2017,10.1186/s12864-020-06810-9,Kowalewko,52.699,17.605,Poland,PCA0043,Homo sapiens,1800,10.1186/s12864-020-06810-9,oral,tooth,,SRA,PRJNA354503,SRS1815356,SRR5047126
154,535,585,Philips2017,2017,10.1186/s12864-020-06810-9,Kowalewko,52.699,17.605,Poland,PCA0044,Homo sapiens,1800,10.1186/s12864-020-06810-9,oral,tooth,,SRA,PRJNA354503,SRS1815345,SRR5047115
155,536,586,Philips2017,2017,10.1186/s12864-020-06810-9,Kowalewko,52.699,17.605,Poland,PCA0045,Homo sapiens,1900,10.1186/s12864-020-06810-9,oral,tooth,,SRA,PRJNA354503,SRS1815426,SRR5047195
156,537,587,Philips2017,2017,10.1186/s12864-020-06810-9,Kowalewko,52.699,17.605,Poland,PCA0046,Homo sapiens,1900,10.1186/s12864-020-06810-9,oral,tooth,,SRA,PRJNA354503,SRS1815358,SRR5047127
157,538,588,Philips2017,2017,10.1186/s12864-020-06810-9,Kowalewko,52.699,17.605,Poland,PCA0047,Homo sapiens,1900,10.1186/s12864-020-06810-9,oral,tooth,,SRA,PRJNA354503,SRS1815276,SRR5047045
158,539,589,Philips2017,2017,10.1186/s12864-020-06810-9,Kowalewko,52.699,17.605,Poland,PCA0048,Homo sapiens,1800,10.1186/s12864-020-06810-9,oral,tooth,,SRA,PRJNA354503,SRS1815331,SRR5047100
159,540,590,Philips2017,2017,10.1186/s12864-020-06810-9,Kowalewko,52.699,17.605,Poland,PCA0049,Homo sapiens,1900,10.1186/s12864-020-06810-9,oral,tooth,,SRA,PRJNA354503,SRS1815337,SRR5047106
160,541,591,Philips2017,2017,10.1186/s12864-020-06810-9,Kowalewko,52.699,17.605,Poland,PCA0050,Homo sapiens,1900,10.1186/s12864-020-06810-9,oral,tooth,,SRA,PRJNA354503,SRS1815319,SRR5047088
161,542,592,Philips2017,2017,10.1186/s12864-020-06810-9,Kowalewko,52.699,17.605,Poland,PCA0051,Homo sapiens,1900,10.1186/s12864-020-06810-9,oral,tooth,,SRA,PRJNA354503,SRS1815422,SRR5047191
162,543,593,Philips2017,2017,10.1186/s12864-020-06810-9,Kowalewko,52.699,17.605,Poland,PCA0052,Homo sapiens,1900,10.1186/s12864-020-06810-9,oral,tooth,,SRA,PRJNA354503,SRS1815296,SRR5047065
163,544,594,Philips2017,2017,10.1186/s12864-020-06810-9,Kowalewko,52.699,17.605,Poland,PCA0053,Homo sapiens,1800,10.1186/s12864-020-06810-9,oral,tooth,,SRA,PRJNA354503,SRS1815410,SRR5047180
164,545,595,Philips2017,2017,10.1186/s12864-020-06810-9,Kowalewko,52.699,17.605,Poland,PCA0054,Homo sapiens,1900,10.1186/s12864-020-06810-9,oral,tooth,,SRA,PRJNA354503,SRS1815350,SRR5047119
165,546,596,Philips2017,2017,10.1186/s12864-020-06810-9,Kowalewko,52.699,17.605,Poland,PCA0055,Homo sapiens,1900,10.1186/s12864-020-06810-9,oral,tooth,,SRA,PRJNA354503,SRS1815365,SRR5047134
166,547,597,Philips2017,2017,10.1186/s12864-020-06810-9,Kowalewko,52.699,17.605,Poland,PCA0056,Homo sapiens,1800,10.1186/s12864-020-06810-9,oral,tooth,,SRA,PRJNA354503,SRS1815325,SRR5047094
167,548,598,Philips2017,2017,10.1186/s12864-020-06810-9,Kowalewko,52.699,17.605,Poland,PCA0057,Homo sapiens,1900,10.1186/s12864-020-06810-9,oral,tooth,,SRA,PRJNA354503,SRS1815283,SRR5047053
168,549,599,Philips2017,2017,10.1186/s12864-020-06810-9,Kowalewko,52.699,17.605,Poland,PCA0058,Homo sapiens,1800,10.1186/s12864-020-06810-9,oral,tooth,,SRA,PRJNA354503,SRS1815427,SRR5047196
169,550,600,Philips2017,2017,10.1186/s12864-020-06810-9,Kowalewko,52.699,17.605,Poland,PCA0059,Homo sapiens,1900,10.1186/s12864-020-06810-9,oral,tooth,,SRA,PRJNA354503,SRS1815304,SRR5047073
170,551,601,Philips2017,2017,10.1186/s12864-020-06810-9,Kowalewko,52.699,17.605,Poland,PCA0060,Homo sapiens,1800,10.1186/s12864-020-06810-9,oral,tooth,,SRA,PRJNA354503,SRS1815340,SRR5047109
171,552,602,Philips2017,2017,10.1186/s12864-020-06810-9,Kowalewko,52.699,17.605,Poland,PCA0061,Homo sapiens,1800,10.1186/s12864-020-06810-9,oral,tooth,,SRA,PRJNA354503,SRS1815326,SRR5047095
172,553,603,Philips2017,2017,10.1186/s12864-020-06810-9,Kowalewko,52.699,17.605,Poland,PCA0062,Homo sapiens,1800,10.1186/s12864-020-06810-9,oral,tooth,,SRA,PRJNA354503,SRS1815414,SRR5047183
173,554,604,Philips2017,2017,10.1186/s12864-020-06810-9,Kowalewko,52.699,17.605,Poland,PCA0063,Homo sapiens,1900,10.1186/s12864-020-06810-9,oral,tooth,,SRA,PRJNA354503,SRS1815312,SRR5047081
174,555,605,Philips2017,2017,10.1186/s12864-020-06810-9,Kowalewko,52.699,17.605,Poland,PCA0064,Homo sapiens,1800,10.1186/s12864-020-06810-9,oral,tooth,,SRA,PRJNA354503,SRS1815371,SRR5047140
175,556,606,Philips2017,2017,10.1186/s12864-020-06810-9,Kowalewko,52.699,17.605,Poland,PCA0065,Homo sapiens,1800,10.1186/s12864-020-06810-9,oral,tooth,,SRA,PRJNA354503,SRS1815394,SRR5047162
176,557,607,Philips2017,2017,10.1186/s12864-020-06810-9,Kowalewko,52.699,17.605,Poland,PCA0066,Homo sapiens,1900,10.1186/s12864-020-06810-9,oral,tooth,,SRA,PRJNA354503,SRS1815321,SRR5047090
177,558,608,Philips2017,2017,10.1186/s12864-020-06810-9,Kowalewko,52.699,17.605,Poland,PCA0013,Homo sapiens,1800,10.1186/s12864-020-06810-9,oral,tooth,,SRA,PRJNA354503,SRS1815313,SRR5047082
178,559,609,Philips2017,2017,10.1186/s12864-020-06810-9,Kowalewko,52.699,17.605,Poland,PCA0014,Homo sapiens,1800,10.1186/s12864-020-06810-9,oral,tooth,,SRA,PRJNA354503,SRS1815314,SRR5047083
179,560,610,Philips2017,2017,10.1186/s12864-020-06810-9,Å<81>Ä™gowo,54.226,18.642,Poland,PCA0165,Homo sapiens,900,10.1186/s12864-020-06810-9,oral,tooth,,SRA,PRJNA354503,SRS1815298,SRR5047067
180,561,611,Philips2017,2017,10.1186/s12864-020-06810-9,Å<81>Ä™gowo,54.226,18.642,Poland,PCA0166,Homo sapiens,900,10.1186/s12864-020-06810-9,oral,tooth,,SRA,PRJNA354503,SRS1815344,SRR5047113
181,562,612,Philips2017,2017,10.1186/s12864-020-06810-9,Å<81>Ä™gowo,54.226,18.642,Poland,PCA0167,Homo sapiens,900,10.1186/s12864-020-06810-9,oral,tooth,,SRA,PRJNA354503,SRS1815421,SRR5047190
182,563,613,Philips2017,2017,10.1186/s12864-020-06810-9,Å<81>Ä™gowo,54.226,18.642,Poland,PCA0168,Homo sapiens,1000,10.1186/s12864-020-06810-9,oral,tooth,,SRA,PRJNA354503,SRS1815273,SRR5047040
183,564,614,Philips2017,2017,10.1186/s12864-020-06810-9,Å<81>Ä™gowo,54.226,18.642,Poland,PCA0169,Homo sapiens,900,10.1186/s12864-020-06810-9,oral,tooth,,SRA,PRJNA354503,SRS1815402,SRR5047172
184,565,615,Philips2017,2017,10.1186/s12864-020-06810-9,Å<81>Ä™gowo,54.226,18.642,Poland,PCA0170,Homo sapiens,900,10.1186/s12864-020-06810-9,oral,tooth,,SRA,PRJNA354503,SRS1815411,SRR5047181
185,566,616,Philips2017,2017,10.1186/s12864-020-06810-9,Å<81>Ä™gowo,54.226,18.642,Poland,PCA0171,Homo sapiens,900,10.1186/s12864-020-06810-9,oral,tooth,,SRA,PRJNA354503,SRS1815432,SRR5047201
186,567,617,Philips2017,2017,10.1186/s12864-020-06810-9,Å<81>Ä™gowo,54.226,18.642,Poland,PCA0172,Homo sapiens,900,10.1186/s12864-020-06810-9,oral,tooth,,SRA,PRJNA354503,SRS1815346,SRR5047114
187,568,618,Philips2017,2017,10.1186/s12864-020-06810-9,Å<81>Ä™gowo,54.226,18.642,Poland,PCA0173,Homo sapiens,900,10.1186/s12864-020-06810-9,oral,tooth,,SRA,PRJNA354503,SRS1815279,SRR5047046
188,569,619,Philips2017,2017,10.1186/s12864-020-06810-9,Markowice,52.313,17.215,Poland,PCA0152,Homo sapiens,900,10.1186/s12864-020-06810-9,oral,tooth,,SRA,PRJNA354503,SRS1815348,SRR5047117
189,570,620,Philips2017,2017,10.1186/s12864-020-06810-9,Markowice,52.313,17.215,Poland,PCA0153,Homo sapiens,900,10.1186/s12864-020-06810-9,oral,tooth,,SRA,PRJNA354503,SRS1815392,SRR5047161
190,571,621,Philips2017,2017,10.1186/s12864-020-06810-9,Markowice,52.313,17.215,Poland,PCA0154,Homo sapiens,900,10.1186/s12864-020-06810-9,oral,tooth,,SRA,PRJNA354503,SRS1815400,SRR5047169
191,572,622,Philips2017,2017,10.1186/s12864-020-06810-9,Markowice,52.313,17.215,Poland,PCA0155,Homo sapiens,1000,10.1186/s12864-020-06810-9,oral,tooth,,SRA,PRJNA354503,SRS1815294,SRR5047062
192,573,623,Philips2017,2017,10.1186/s12864-020-06810-9,Markowice,52.313,17.215,Poland,PCA0156,Homo sapiens,1000,10.1186/s12864-020-06810-9,oral,tooth,,SRA,PRJNA354503,SRS1815424,SRR5047193
193,574,624,Philips2017,2017,10.1186/s12864-020-06810-9,Markowice,52.313,17.215,Poland,PCA0157,Homo sapiens,900,10.1186/s12864-020-06810-9,oral,tooth,,SRA,PRJNA354503,SRS1815383,SRR5047152
194,575,625,Philips2017,2017,10.1186/s12864-020-06810-9,Markowice,52.313,17.215,Poland,PCA0158,Homo sapiens,900,10.1186/s12864-020-06810-9,oral,tooth,,SRA,PRJNA354503,SRS1815413,SRR5047182
195,576,626,Philips2017,2017,10.1186/s12864-020-06810-9,Markowice,52.313,17.215,Poland,PCA0159,Homo sapiens,1000,10.1186/s12864-020-06810-9,oral,tooth,,SRA,PRJNA354503,SRS1815303,SRR5047071
196,577,627,Philips2017,2017,10.1186/s12864-020-06810-9,MasÅ‚omÄ™cz,50.722,23.892,Poland,PCA0088,Homo sapiens,1700,10.1186/s12864-020-06810-9,oral,tooth,,SRA,PRJNA354503,SRS1815293,SRR5047063
197,578,628,Philips2017,2017,10.1186/s12864-020-06810-9,MasÅ‚omÄ™cz,50.722,23.892,Poland,PCA0097,Homo sapiens,1700,10.1186/s12864-020-06810-9,oral,tooth,,SRA,PRJNA354503,SRS1815285,SRR5047054
198,579,629,Philips2017,2017,10.1186/s12864-020-06810-9,MasÅ‚omÄ™cz,50.722,23.892,Poland,PCA0098,Homo sapiens,1700,10.1186/s12864-020-06810-9,oral,tooth,,SRA,PRJNA354503,SRS1815391,SRR5047160
199,580,630,Philips2017,2017,10.1186/s12864-020-06810-9,MasÅ‚omÄ™cz,50.722,23.892,Poland,PCA0099,Homo sapiens,1700,10.1186/s12864-020-06810-9,oral,tooth,,SRA,PRJNA354503,SRS1815409,SRR5047178
200,581,631,Philips2017,2017,10.1186/s12864-020-06810-9,MasÅ‚omÄ™cz,50.722,23.892,Poland,PCA0100,Homo sapiens,1700,10.1186/s12864-020-06810-9,oral,tooth,,SRA,PRJNA354503,SRS1815354,SRR5047123
201,582,632,Philips2017,2017,10.1186/s12864-020-06810-9,MasÅ‚omÄ™cz,50.722,23.892,Poland,PCA0101,Homo sapiens,1700,10.1186/s12864-020-06810-9,oral,tooth,,SRA,PRJNA354503,SRS1815374,SRR5047143
202,583,633,Philips2017,2017,10.1186/s12864-020-06810-9,MasÅ‚omÄ™cz,50.722,23.892,Poland,PCA0102,Homo sapiens,1700,10.1186/s12864-020-06810-9,oral,tooth,,SRA,PRJNA354503,SRS1815320,SRR5047089
203,584,634,Philips2017,2017,10.1186/s12864-020-06810-9,MasÅ‚omÄ™cz,50.722,23.892,Poland,PCA0103,Homo sapiens,1700,10.1186/s12864-020-06810-9,oral,tooth,,SRA,PRJNA354503,SRS1815428,SRR5047197
204,585,635,Philips2017,2017,10.1186/s12864-020-06810-9,MasÅ‚omÄ™cz,50.722,23.892,Poland,PCA0104,Homo sapiens,1700,10.1186/s12864-020-06810-9,oral,tooth,,SRA,PRJNA354503,SRS1815367,SRR5047136
205,586,636,Philips2017,2017,10.1186/s12864-020-06810-9,MasÅ‚omÄ™cz,50.722,23.892,Poland,PCA0105,Homo sapiens,1700,10.1186/s12864-020-06810-9,oral,tooth,,SRA,PRJNA354503,SRS1815277,SRR5047047
206,587,637,Philips2017,2017,10.1186/s12864-020-06810-9,MasÅ‚omÄ™cz,50.722,23.892,Poland,PCA0106,Homo sapiens,1700,10.1186/s12864-020-06810-9,oral,tooth,,SRA,PRJNA354503,SRS1815323,SRR5047092
207,588,638,Philips2017,2017,10.1186/s12864-020-06810-9,MasÅ‚omÄ™cz,50.722,23.892,Poland,PCA0089,Homo sapiens,1700,10.1186/s12864-020-06810-9,oral,tooth,,SRA,PRJNA354503,SRS1815310,SRR5047079
208,589,639,Philips2017,2017,10.1186/s12864-020-06810-9,MasÅ‚omÄ™cz,50.722,23.892,Poland,PCA0107,Homo sapiens,1700,10.1186/s12864-020-06810-9,oral,tooth,,SRA,PRJNA354503,SRS1815430,SRR5047199
209,590,640,Philips2017,2017,10.1186/s12864-020-06810-9,MasÅ‚omÄ™cz,50.722,23.892,Poland,PCA0108,Homo sapiens,1700,10.1186/s12864-020-06810-9,oral,tooth,,SRA,PRJNA354503,SRS1815305,SRR5047074
210,591,641,Philips2017,2017,10.1186/s12864-020-06810-9,MasÅ‚omÄ™cz,50.722,23.892,Poland,PCA0109,Homo sapiens,1700,10.1186/s12864-020-06810-9,oral,tooth,,SRA,PRJNA354503,SRS1815360,SRR5047129
211,592,642,Philips2017,2017,10.1186/s12864-020-06810-9,MasÅ‚omÄ™cz,50.722,23.892,Poland,PCA0110,Homo sapiens,1700,10.1186/s12864-020-06810-9,oral,tooth,,SRA,PRJNA354503,SRS1815339,SRR5047108
212,593,643,Philips2017,2017,10.1186/s12864-020-06810-9,MasÅ‚omÄ™cz,50.722,23.892,Poland,PCA0111,Homo sapiens,1700,10.1186/s12864-020-06810-9,oral,tooth,,SRA,PRJNA354503,SRS1815382,SRR5047151
213,594,644,Philips2017,2017,10.1186/s12864-020-06810-9,MasÅ‚omÄ™cz,50.722,23.892,Poland,PCA0112,Homo sapiens,1700,10.1186/s12864-020-06810-9,oral,tooth,,SRA,PRJNA354503,SRS1815333,SRR5047102
214,595,645,Philips2017,2017,10.1186/s12864-020-06810-9,MasÅ‚omÄ™cz,50.722,23.892,Poland,PCA0113,Homo sapiens,1700,10.1186/s12864-020-06810-9,oral,tooth,,SRA,PRJNA354503,SRS1815412,SRR5047179
215,596,646,Philips2017,2017,10.1186/s12864-020-06810-9,MasÅ‚omÄ™cz,50.722,23.892,Poland,PCA0114,Homo sapiens,1700,10.1186/s12864-020-06810-9,oral,tooth,,SRA,PRJNA354503,SRS1815368,SRR5047137
216,597,647,Philips2017,2017,10.1186/s12864-020-06810-9,MasÅ‚omÄ™cz,50.722,23.892,Poland,PCA0090,Homo sapiens,1700,10.1186/s12864-020-06810-9,oral,tooth,,SRA,PRJNA354503,SRS1815375,SRR5047144
217,598,648,Philips2017,2017,10.1186/s12864-020-06810-9,MasÅ‚omÄ™cz,50.722,23.892,Poland,PCA0091,Homo sapiens,1700,10.1186/s12864-020-06810-9,oral,tooth,,SRA,PRJNA354503,SRS1815420,SRR5047189
218,599,649,Philips2017,2017,10.1186/s12864-020-06810-9,MasÅ‚omÄ™cz,50.722,23.892,Poland,PCA0092,Homo sapiens,1700,10.1186/s12864-020-06810-9,oral,tooth,,SRA,PRJNA354503,SRS1815352,SRR5047121
219,600,650,Philips2017,2017,10.1186/s12864-020-06810-9,MasÅ‚omÄ™cz,50.722,23.892,Poland,PCA0093,Homo sapiens,1700,10.1186/s12864-020-06810-9,oral,tooth,,SRA,PRJNA354503,SRS1815329,SRR5047098
220,601,651,Philips2017,2017,10.1186/s12864-020-06810-9,MasÅ‚omÄ™cz,50.722,23.892,Poland,PCA0094,Homo sapiens,1700,10.1186/s12864-020-06810-9,oral,tooth,,SRA,PRJNA354503,SRS1815355,SRR5047124
221,602,652,Philips2017,2017,10.1186/s12864-020-06810-9,MasÅ‚omÄ™cz,50.722,23.892,Poland,PCA0095,Homo sapiens,1700,10.1186/s12864-020-06810-9,oral,tooth,,SRA,PRJNA354503,SRS1815271,SRR5047041
222,603,653,Philips2017,2017,10.1186/s12864-020-06810-9,MasÅ‚omÄ™cz,50.722,23.892,Poland,PCA0096,Homo sapiens,1700,10.1186/s12864-020-06810-9,oral,tooth,,SRA,PRJNA354503,SRS1815318,SRR5047087
223,604,654,Philips2017,2017,10.1186/s12864-020-06810-9,Niemcza,50.719,16.835,Poland,PCA0115,Homo sapiens,1000,10.1186/s12864-020-06810-9,oral,tooth,,SRA,PRJNA354503,SRS1815416,SRR5047185
224,605,655,Philips2017,2017,10.1186/s12864-020-06810-9,Niemcza,50.719,16.835,Poland,PCA0124,Homo sapiens,1000,10.1186/s12864-020-06810-9,oral,tooth,,SRA,PRJNA354503,SRS1815415,SRR5047184
225,606,656,Philips2017,2017,10.1186/s12864-020-06810-9,Niemcza,50.719,16.835,Poland,PCA0125,Homo sapiens,1000,10.1186/s12864-020-06810-9,oral,tooth,,SRA,PRJNA354503,SRS1815351,SRR5047120
226,607,657,Philips2017,2017,10.1186/s12864-020-06810-9,Niemcza,50.719,16.835,Poland,PCA0126,Homo sapiens,1000,10.1186/s12864-020-06810-9,oral,tooth,,SRA,PRJNA354503,SRS1815322,SRR5047091
227,608,658,Philips2017,2017,10.1186/s12864-020-06810-9,Niemcza,50.719,16.835,Poland,PCA0127,Homo sapiens,1000,10.1186/s12864-020-06810-9,oral,tooth,,SRA,PRJNA354503,SRS1815353,SRR5047122
228,609,659,Philips2017,2017,10.1186/s12864-020-06810-9,Niemcza,50.719,16.835,Poland,PCA0128,Homo sapiens,1000,10.1186/s12864-020-06810-9,oral,tooth,,SRA,PRJNA354503,SRS1815297,SRR5047066
229,610,660,Philips2017,2017,10.1186/s12864-020-06810-9,Niemcza,50.719,16.835,Poland,PCA0129,Homo sapiens,1000,10.1186/s12864-020-06810-9,oral,tooth,,SRA,PRJNA354503,SRS1815284,SRR5047052
230,611,661,Philips2017,2017,10.1186/s12864-020-06810-9,Niemcza,50.719,16.835,Poland,PCA0130,Homo sapiens,1000,10.1186/s12864-020-06810-9,oral,tooth,,SRA,PRJNA354503,SRS1815324,SRR5047093
231,612,662,Philips2017,2017,10.1186/s12864-020-06810-9,Niemcza,50.719,16.835,Poland,PCA0131,Homo sapiens,1000,10.1186/s12864-020-06810-9,oral,tooth,,SRA,PRJNA354503,SRS1815378,SRR5047147
232,613,663,Philips2017,2017,10.1186/s12864-020-06810-9,Niemcza,50.719,16.835,Poland,PCA0132,Homo sapiens,1000,10.1186/s12864-020-06810-9,oral,tooth,,SRA,PRJNA354503,SRS1815387,SRR5047155
233,614,664,Philips2017,2017,10.1186/s12864-020-06810-9,Niemcza,50.719,16.835,Poland,PCA0133,Homo sapiens,1000,10.1186/s12864-020-06810-9,oral,tooth,,SRA,PRJNA354503,SRS1815347,SRR5047116
234,615,665,Philips2017,2017,10.1186/s12864-020-06810-9,Niemcza,50.719,16.835,Poland,PCA0116,Homo sapiens,1000,10.1186/s12864-020-06810-9,oral,tooth,,SRA,PRJNA354503,SRS1815398,SRR5047167
235,616,666,Philips2017,2017,10.1186/s12864-020-06810-9,Niemcza,50.719,16.835,Poland,PCA0134,Homo sapiens,1000,10.1186/s12864-020-06810-9,oral,tooth,,SRA,PRJNA354503,SRS1815364,SRR5047133
236,617,667,Philips2017,2017,10.1186/s12864-020-06810-9,Niemcza,50.719,16.835,Poland,PCA0135,Homo sapiens,1000,10.1186/s12864-020-06810-9,oral,tooth,,SRA,PRJNA354503,SRS1815404,SRR5047173
237,618,668,Philips2017,2017,10.1186/s12864-020-06810-9,Niemcza,50.719,16.835,Poland,PCA0136,Homo sapiens,1000,10.1186/s12864-020-06810-9,oral,tooth,,SRA,PRJNA354503,SRS1815338,SRR5047107
238,619,669,Philips2017,2017,10.1186/s12864-020-06810-9,Niemcza,50.719,16.835,Poland,PCA0137,Homo sapiens,1000,10.1186/s12864-020-06810-9,oral,tooth,,SRA,PRJNA354503,SRS1815291,SRR5047059
239,620,670,Philips2017,2017,10.1186/s12864-020-06810-9,Niemcza,50.719,16.835,Poland,PCA0138,Homo sapiens,1000,10.1186/s12864-020-06810-9,oral,tooth,,SRA,PRJNA354503,SRS1815372,SRR5047141
240,621,671,Philips2017,2017,10.1186/s12864-020-06810-9,Niemcza,50.719,16.835,Poland,PCA0139,Homo sapiens,1000,10.1186/s12864-020-06810-9,oral,tooth,,SRA,PRJNA354503,SRS1815393,SRR5047163
241,622,672,Philips2017,2017,10.1186/s12864-020-06810-9,Niemcza,50.719,16.835,Poland,PCA0140,Homo sapiens,1000,10.1186/s12864-020-06810-9,oral,tooth,,SRA,PRJNA354503,SRS1815280,SRR5047049
242,623,673,Philips2017,2017,10.1186/s12864-020-06810-9,Niemcza,50.719,16.835,Poland,PCA0141,Homo sapiens,1000,10.1186/s12864-020-06810-9,oral,tooth,,SRA,PRJNA354503,SRS1815376,SRR5047145
243,624,674,Philips2017,2017,10.1186/s12864-020-06810-9,Niemcza,50.719,16.835,Poland,PCA0142,Homo sapiens,1000,10.1186/s12864-020-06810-9,oral,tooth,,SRA,PRJNA354503,SRS1815359,SRR5047128
244,625,675,Philips2017,2017,10.1186/s12864-020-06810-9,Niemcza,50.719,16.835,Poland,PCA0143,Homo sapiens,1000,10.1186/s12864-020-06810-9,oral,tooth,,SRA,PRJNA354503,SRS1815419,SRR5047188
245,626,676,Philips2017,2017,10.1186/s12864-020-06810-9,Niemcza,50.719,16.835,Poland,PCA0117,Homo sapiens,1000,10.1186/s12864-020-06810-9,oral,tooth,,SRA,PRJNA354503,SRS1815418,SRR5047186
246,627,677,Philips2017,2017,10.1186/s12864-020-06810-9,Niemcza,50.719,16.835,Poland,PCA0144,Homo sapiens,1000,10.1186/s12864-020-06810-9,oral,tooth,,SRA,PRJNA354503,SRS1815379,SRR5047148
247,628,678,Philips2017,2017,10.1186/s12864-020-06810-9,Niemcza,50.719,16.835,Poland,PCA0145,Homo sapiens,1000,10.1186/s12864-020-06810-9,oral,tooth,,SRA,PRJNA354503,SRS1815335,SRR5047104
248,629,679,Philips2017,2017,10.1186/s12864-020-06810-9,Niemcza,50.719,16.835,Poland,PCA0146,Homo sapiens,1000,10.1186/s12864-020-06810-9,oral,tooth,,SRA,PRJNA354503,SRS1815292,SRR5047061
249,630,680,Philips2017,2017,10.1186/s12864-020-06810-9,Niemcza,50.719,16.835,Poland,PCA0147,Homo sapiens,1000,10.1186/s12864-020-06810-9,oral,tooth,,SRA,PRJNA354503,SRS1815309,SRR5047078
250,631,681,Philips2017,2017,10.1186/s12864-020-06810-9,Niemcza,50.719,16.835,Poland,PCA0148,Homo sapiens,1000,10.1186/s12864-020-06810-9,oral,tooth,,SRA,PRJNA354503,SRS1815272,SRR5047042
251,632,682,Philips2017,2017,10.1186/s12864-020-06810-9,Niemcza,50.719,16.835,Poland,PCA0149,Homo sapiens,1000,10.1186/s12864-020-06810-9,oral,tooth,,SRA,PRJNA354503,SRS1815380,SRR5047149
252,633,683,Philips2017,2017,10.1186/s12864-020-06810-9,Niemcza,50.719,16.835,Poland,PCA0150,Homo sapiens,1000,10.1186/s12864-020-06810-9,oral,tooth,,SRA,PRJNA354503,SRS1815275,SRR5047044
253,634,684,Philips2017,2017,10.1186/s12864-020-06810-9,Niemcza,50.719,16.835,Poland,PCA0151,Homo sapiens,1000,10.1186/s12864-020-06810-9,oral,tooth,,SRA,PRJNA354503,SRS1815286,SRR5047055
254,635,685,Philips2017,2017,10.1186/s12864-020-06810-9,Niemcza,50.719,16.835,Poland,PCA0118,Homo sapiens,1000,10.1186/s12864-020-06810-9,oral,tooth,,SRA,PRJNA354503,SRS1815343,SRR5047112
255,636,686,Philips2017,2017,10.1186/s12864-020-06810-9,Niemcza,50.719,16.835,Poland,PCA0119,Homo sapiens,1000,10.1186/s12864-020-06810-9,oral,tooth,,SRA,PRJNA354503,SRS1815385,SRR5047154
256,637,687,Philips2017,2017,10.1186/s12864-020-06810-9,Niemcza,50.719,16.835,Poland,PCA0120,Homo sapiens,1000,10.1186/s12864-020-06810-9,oral,tooth,,SRA,PRJNA354503,SRS1815434,SRR5047204
257,638,688,Philips2017,2017,10.1186/s12864-020-06810-9,Niemcza,50.719,16.835,Poland,PCA0121,Homo sapiens,1000,10.1186/s12864-020-06810-9,oral,tooth,,SRA,PRJNA354503,SRS1815357,SRR5047125
258,639,689,Philips2017,2017,10.1186/s12864-020-06810-9,Niemcza,50.719,16.835,Poland,PCA0122,Homo sapiens,1000,10.1186/s12864-020-06810-9,oral,tooth,,SRA,PRJNA354503,SRS1815384,SRR5047153
259,640,690,Philips2017,2017,10.1186/s12864-020-06810-9,Niemcza,50.719,16.835,Poland,PCA0123,Homo sapiens,1000,10.1186/s12864-020-06810-9,oral,tooth,,SRA,PRJNA354503,SRS1815405,SRR5047174
260,641,691,Philips2017,2017,10.1186/s12864-020-06810-9,Sowinki,52.211,16.893,Poland,PCA0067,Homo sapiens,900,10.1186/s12864-020-06810-9,oral,tooth,,SRA,PRJNA354503,SRS1815288,SRR5047056
261,642,692,Philips2017,2017,10.1186/s12864-020-06810-9,Sowinki,52.211,16.893,Poland,PCA0076,Homo sapiens,900,10.1186/s12864-020-06810-9,oral,tooth,,SRA,PRJNA354503,SRS1815361,SRR5047130
262,643,693,Philips2017,2017,10.1186/s12864-020-06810-9,Sowinki,52.211,16.893,Poland,PCA0077,Homo sapiens,900,10.1186/s12864-020-06810-9,oral,tooth,,SRA,PRJNA354503,SRS1815370,SRR5047139
263,644,694,Philips2017,2017,10.1186/s12864-020-06810-9,Sowinki,52.211,16.893,Poland,PCA0078,Homo sapiens,900,10.1186/s12864-020-06810-9,oral,tooth,,SRA,PRJNA354503,SRS1815406,SRR5047175
264,645,695,Philips2017,2017,10.1186/s12864-020-06810-9,Sowinki,52.211,16.893,Poland,PCA0079,Homo sapiens,900,10.1186/s12864-020-06810-9,oral,tooth,,SRA,PRJNA354503,SRS1815281,SRR5047050
265,646,696,Philips2017,2017,10.1186/s12864-020-06810-9,Sowinki,52.211,16.893,Poland,PCA0080,Homo sapiens,900,10.1186/s12864-020-06810-9,oral,tooth,,SRA,PRJNA354503,SRS1815423,SRR5047192
266,647,697,Philips2017,2017,10.1186/s12864-020-06810-9,Sowinki,52.211,16.893,Poland,PCA0081,Homo sapiens,900,10.1186/s12864-020-06810-9,oral,tooth,,SRA,PRJNA354503,SRS1815341,SRR5047110
267,648,698,Philips2017,2017,10.1186/s12864-020-06810-9,Sowinki,52.211,16.893,Poland,PCA0082,Homo sapiens,900,10.1186/s12864-020-06810-9,oral,tooth,,SRA,PRJNA354503,SRS1815362,SRR5047131
268,649,699,Philips2017,2017,10.1186/s12864-020-06810-9,Sowinki,52.211,16.893,Poland,PCA0083,Homo sapiens,900,10.1186/s12864-020-06810-9,oral,tooth,,SRA,PRJNA354503,SRS1815302,SRR5047072
269,650,700,Philips2017,2017,10.1186/s12864-020-06810-9,Sowinki,52.211,16.893,Poland,PCA0084,Homo sapiens,900,10.1186/s12864-020-06810-9,oral,tooth,,SRA,PRJNA354503,SRS1815327,SRR5047096
270,651,701,Philips2017,2017,10.1186/s12864-020-06810-9,Sowinki,52.211,16.893,Poland,PCA0085,Homo sapiens,900,10.1186/s12864-020-06810-9,oral,tooth,,SRA,PRJNA354503,SRS1815381,SRR5047150
271,652,702,Philips2017,2017,10.1186/s12864-020-06810-9,Sowinki,52.211,16.893,Poland,PCA0068,Homo sapiens,900,10.1186/s12864-020-06810-9,oral,tooth,,SRA,PRJNA354503,SRS1815330,SRR5047099
272,653,703,Philips2017,2017,10.1186/s12864-020-06810-9,Sowinki,52.211,16.893,Poland,PCA0086,Homo sapiens,900,10.1186/s12864-020-06810-9,oral,tooth,,SRA,PRJNA354503,SRS1815315,SRR5047084
273,654,704,Philips2017,2017,10.1186/s12864-020-06810-9,Sowinki,52.211,16.893,Poland,PCA0087,Homo sapiens,900,10.1186/s12864-020-06810-9,oral,tooth,,SRA,PRJNA354503,SRS1815403,SRR5047171
274,655,705,Philips2017,2017,10.1186/s12864-020-06810-9,Sowinki,52.211,16.893,Poland,PCA0069,Homo sapiens,900,10.1186/s12864-020-06810-9,oral,tooth,,SRA,PRJNA354503,SRS1815389,SRR5047158
275,656,706,Philips2017,2017,10.1186/s12864-020-06810-9,Sowinki,52.211,16.893,Poland,PCA0070,Homo sapiens,900,10.1186/s12864-020-06810-9,oral,tooth,,SRA,PRJNA354503,SRS1815366,SRR5047135
276,657,707,Philips2017,2017,10.1186/s12864-020-06810-9,Sowinki,52.211,16.893,Poland,PCA0071,Homo sapiens,900,10.1186/s12864-020-06810-9,oral,tooth,,SRA,PRJNA354503,SRS1815433,SRR5047202
277,658,708,Philips2017,2017,10.1186/s12864-020-06810-9,Sowinki,52.211,16.893,Poland,PCA0072,Homo sapiens,900,10.1186/s12864-020-06810-9,oral,tooth,,SRA,PRJNA354503,SRS1815336,SRR5047105
278,659,709,Philips2017,2017,10.1186/s12864-020-06810-9,Sowinki,52.211,16.893,Poland,PCA0073,Homo sapiens,900,10.1186/s12864-020-06810-9,oral,tooth,,SRA,PRJNA354503,SRS1815334,SRR5047103
279,660,710,Philips2017,2017,10.1186/s12864-020-06810-9,Sowinki,52.211,16.893,Poland,PCA0074,Homo sapiens,900,10.1186/s12864-020-06810-9,oral,tooth,,SRA,PRJNA354503,SRS1815373,SRR5047142
280,661,711,Philips2017,2017,10.1186/s12864-020-06810-9,Sowinki,52.211,16.893,Poland,PCA0075,Homo sapiens,900,10.1186/s12864-020-06810-9,oral,tooth,,SRA,PRJNA354503,SRS1815295,SRR5047064
