ERS1574247	ERR1883819
ERS1574247	ERR1883830
ERS1574247	ERR1883841
ERS1574247	ERR1883842
ERS1574247	ERR1883871
ERS1574247	ERR1883872
ERS1574247	ERR1883895
ERS1574247	ERR1884218
ERS1574247	ERR1880929
ERS1574249	ERR1880930
ERS1574249	ERR1883820
ERS1574249	ERR1883831
ERS1574249	ERR1883843
ERS1574249	ERR1883844
ERS1574249	ERR1883845
ERS1574249	ERR1883846
ERS1574249	ERR1883873
ERS1574249	ERR1883874
ERS1574249	ERR1884219
ERS1574253	ERR1880932
ERS1574253	ERR1883823
ERS1574253	ERR1883833
ERS1574253	ERR1883849
ERS1574253	ERR1883850
ERS1574253	ERR1883877
ERS1574253	ERR1883878
ERS1574253	ERR1883896
ERS1574253	ERR1884221
ERS1574254	ERR1883859
ERS1574254	ERR1883879
ERS1574254	ERR1883880
ERS1574254	ERR1884222
ERS1574254	ERR1884223
ERS1574259	ERR1883826
ERS1574259	ERR1883861
ERS1574259	ERR1883885
ERS1574259	ERR1883886
ERS1574259	ERR1883887
ERS1574259	ERR1883888
ERS1574259	ERR1884152
ERS1574259	ERR1884226
ERS1574262	ERR1883862
ERS1574262	ERR1883889
ERS1574262	ERR1883890
ERS1574262	ERR1884227
ERS1574262	ERR1884228
ERS1892069	ERR2112553
ERS1892069	ERR2112554
ERS1892069	ERR2112555
ERS1892069	ERR2112556
ERS1892069	ERR2112559
ERS1892069	ERR2112562
ERS1892069	ERR2112566
ERS1892069	ERR2112567
ERS1892069	ERR2112568
ERS1892069	ERR2112557
ERS1892069	ERR2112558
ERS1892069	ERR2112560
ERS1892069	ERR2112561
ERS1892069	ERR2112563
ERS1892069	ERR2112564
ERS1892069	ERR2112565
ERS1892069	ERR2112583
ERS1892069	ERR2112584
ERS1892069	ERR2112585
ERS1892069	ERR2112586
ERS1892068	ERR2112580
ERS1892068	ERR2112581
ERS1892068	ERR2112582
ERS1892068	ERR2112579
ERS1892064	ERR2112545
ERS1892064	ERR2112544
ERS1892064	ERR2112546
ERS1892065	ERR2112547
ERS1892065	ERR2112548
ERS1892067	ERR2112574
ERS1892067	ERR2112575
ERS1892067	ERR2112576
ERS1892067	ERR2112577
ERS1892067	ERR2112578
ERS1892066	ERR2112549
ERS1892066	ERR2112550
ERS1892066	ERR2112551
ERS1892066	ERR2112552
ERS1892066	ERR2112569
ERS1892066	ERR2112570
ERS1892066	ERR2112571
ERS1892066	ERR2112572
ERS1892066	ERR2112573
ERS2106903	ERR2261878
ERS2106903	ERR2261879
ERS2106903	ERR2261880
ERS2106903	ERR2261881
ERS2106903	ERR2261888
ERS2106904	ERR2261883
ERS2106904	ERR2261884
ERS2106904	ERR2261885
ERS2106904	ERR2261886
ERS2106904	ERR2261887
ERS2106904	ERR2261882
ERS434180	ERR476785
ERS434180	ERR476784
ERS434180	ERR476786
ERS434180	ERR476787
ERS434180	ERR476788
ERS434180	ERR476799
ERS434180	ERR476808
ERS434180	ERR476807
ERS848971	ERR1018887
ERS848971	ERR1018888
ERS848971	ERR1018889
ERS848971	ERR1018890
ERS848971	ERR1018891
ERS848971	ERR1018892
ERS848971	ERR1018893
ERS848971	ERR1018894
ERS848971	ERR1018895
ERS848971	ERR1018896
ERS848971	ERR1018897
ERS848971	ERR1018898
ERS848971	ERR1018899
ERS848971	ERR1018900
ERS848971	ERR1018901
ERS848971	ERR1018902
ERS848971	ERR1018903
ERS848971	ERR1018904
ERS848971	ERR1018905
ERS848971	ERR1018906
ERS848971	ERR1018907
ERS848971	ERR1018908
ERS848971	ERR1018909
ERS848971	ERR1018910
ERS848971	ERR1018911
ERS848971	ERR1018912
ERS848971	ERR1018913
ERS848971	ERR1018914
ERS848971	ERR1018915
ERS848971	ERR1018916
ERS848971	ERR1018917
ERS848972	ERR1018986
ERS848972	ERR1018987
ERS848972	ERR1018988
ERS848972	ERR1018989
ERS848972	ERR1018990
ERS848972	ERR1018991
ERS848972	ERR1018992
ERS848972	ERR1018993
ERS848972	ERR1018994
ERS848972	ERR1018995
ERS848972	ERR1018996
ERS848972	ERR1018997
ERS848972	ERR1018985
ERS848973	ERR1018927
ERS848973	ERR1018928
ERS848973	ERR1018929
ERS848973	ERR1018930
ERS848973	ERR1018931
ERS848973	ERR1018932
ERS848973	ERR1018933
ERS848973	ERR1018934
ERS848973	ERR1018935
ERS848973	ERR1018936
ERS848973	ERR1018937
ERS848973	ERR1018938
ERS848973	ERR1018939
ERS848973	ERR1018940
ERS848973	ERR1018941
ERS848973	ERR1018942
ERS848973	ERR1018943
ERS848973	ERR1018944
ERS848973	ERR1018945
ERS848973	ERR1018946
ERS848974	ERR1018918
ERS848974	ERR1018919
ERS848974	ERR1018920
ERS848974	ERR1018921
ERS848974	ERR1018922
ERS848974	ERR1018923
ERS848974	ERR1018924
ERS848974	ERR1018925
ERS848974	ERR1018926
ERS848975	ERR1018947
ERS848975	ERR1018948
ERS848975	ERR1018949
ERS848975	ERR1018950
ERS848975	ERR1018951
ERS848975	ERR1018952
ERS848975	ERR1018953
ERS848975	ERR1018954
ERS848975	ERR1018955
ERS848975	ERR1018956
ERS848975	ERR1018957
ERS848975	ERR1018958
ERS848975	ERR1018959
ERS848975	ERR1018960
ERS848975	ERR1018961
ERS848975	ERR1018962
ERS848975	ERR1018963
ERS848975	ERR1018964
ERS848975	ERR1018965
ERS848976	ERR1018966
ERS848976	ERR1018967
ERS848976	ERR1018968
ERS848976	ERR1018969
ERS848976	ERR1018970
ERS848976	ERR1018971
ERS848976	ERR1018972
ERS848976	ERR1018973
ERS848976	ERR1018974
ERS848976	ERR1018975
ERS848976	ERR1018976
ERS848976	ERR1018977
ERS848976	ERR1018978
ERS848976	ERR1018979
ERS848976	ERR1018980
ERS848976	ERR1018981
ERS848976	ERR1018982
ERS848976	ERR1018983
ERS848976	ERR1018984
ERS848977	ERR1018998
ERS848977	ERR1018999
ERS848977	ERR1019000
ERS848977	ERR1019001
ERS848977	ERR1019002
ERS848977	ERR1019003
ERS848977	ERR1019004
ERS848977	ERR1019005
ERS848977	ERR1019006
ERS848977	ERR1019007
ERS848977	ERR1019008
ERS848977	ERR1019009
ERS4540520	ERR4093959
ERS4540520	ERR4093960
ERS4540521	ERR4093961
ERS4540521	ERR4093962
ERS2295393	
ERS2295388	
ERS2295394	
ERS2295391	
ERS2295384	
ERS2295383	
ERS2295387	
ERS2295385	
ERS2295390	
ERS2295386	
ERS2295392	
ERS2295389	
ERS4249335	ERR3822202
ERS4249335	ERR3822203
ERS4249335	ERR3822204
ERS4249335	ERR3822205
ERS4249335	ERR3822206
ERS4249362	ERR3822207
ERS4249363	ERR3822208
ERS942275	ERR1094787
ERS942266	ERR1094778
ERS942283	ERR1094795
ERS942284	ERR1094796
ERS942285	ERR1094797
ERS942286	ERR1094798
ERS942287	ERR1094799
ERS942288	ERR1094800
ERS942289	ERR1094801
ERS942290	ERR1094802
ERS942291	ERR1094803
ERS942291	ERR1094804
ERS942292	ERR1094805
ERS942292	ERR1094806
ERS942293	ERR1094807
ERS942293	ERR1094808
ERS942294	ERR1094809
ERS942294	ERR1094810
ERS942267	ERR1094779
ERS942277	ERR1094789
ERS942270	ERR1094782
ERS942274	ERR1094786
ERS942269	ERR1094781
ERS942268	ERR1094780
ERS942271	ERR1094783
ERS942265	ERR1094777
ERS942273	ERR1094785
ERS942272	ERR1094784
ERS942281	ERR1094793
ERS942282	ERR1094794
ERS2591211	ERR2675600
ERS2591211	ERR2675601
ERS2591211	ERR2675602
ERS2591210	ERR2675603
ERS2591210	ERR2675604
ERS2591210	ERR2675605
ERS2591210	ERR2675606
ERS2591210	ERR2675607
ERS2591210	ERR2675608
ERS2367268	ERR2503177
ERS2367268	ERR2503178
ERS2367268	ERR2503180
ERS2367268	ERR2503182
ERS2367268	ERR2503176
ERS2367269	ERR2503179
ERS2367269	ERR2503181
ERS2367269	ERR2503183
ERS3967963	ERR3654263
ERS3967963	ERR3654286
ERS3967963	ERR3654287
ERS3967963	ERR3654288
ERS3967963	ERR3654289
ERS3967963	ERR3654305
ERS3967963	ERR3654262
ERS3967964	ERR3654264
ERS3967964	ERR3654265
ERS3967964	ERR3654298
ERS3967964	ERR3654306
ERS3967967	ERR3654250
ERS3967967	ERR3654251
ERS3967967	ERR3654258
ERS3967967	ERR3654259
ERS3967967	ERR3654278
ERS3967967	ERR3654279
ERS3967967	ERR3654280
ERS3967967	ERR3654281
ERS3967967	ERR3654303
ERS3967961	ERR3654241
ERS3967961	ERR3654242
ERS3967961	ERR3654243
ERS3967961	ERR3654244
ERS3967965	ERR3654266
ERS3967965	ERR3654267
ERS3967965	ERR3654290
ERS3967965	ERR3654291
ERS3967965	ERR3654292
ERS3967965	ERR3654293
ERS3967965	ERR3654299
ERS3967965	ERR3654307
ERS3967966	ERR3654268
ERS3967966	ERR3654269
ERS3967966	ERR3654294
ERS3967966	ERR3654295
ERS3967966	ERR3654296
ERS3967966	ERR3654297
ERS3967966	ERR3654300
ERS3967966	ERR3654308
ERS3967962	ERR3654252
ERS3967962	ERR3654253
ERS3967962	ERR3654260
ERS3967962	ERR3654261
ERS3967962	ERR3654282
ERS3967962	ERR3654283
ERS3967962	ERR3654284
ERS3967962	ERR3654285
ERS3967962	ERR3654304
ERS3967960	ERR3654254
ERS3967960	ERR3654255
ERS3967960	ERR3654256
ERS3967960	ERR3654257
ERS3967960	ERR3654270
ERS3967960	ERR3654271
ERS3967960	ERR3654272
ERS3967960	ERR3654273
ERS3967960	ERR3654274
ERS3967960	ERR3654275
ERS3967960	ERR3654276
ERS3967960	ERR3654277
ERS3967960	ERR3654301
ERS3967960	ERR3654302
ERS4529000	ERR4065483
ERS4529000	ERR4065488
ERS4529000	ERR4065489
ERS4529000	ERR4065495
ERS4529000	ERR4065496
ERS4529000	ERR4065501
ERS4529000	ERR4065502
ERS4529000	ERR4065482
ERS4529001	ERR4065503
ERS4528997	ERR4065478
ERS4528997	ERR4065479
ERS4528997	ERR4065484
ERS4528997	ERR4065485
ERS4528997	ERR4065491
ERS4528997	ERR4065492
ERS4528997	ERR4065497
ERS4528997	ERR4065498
ERS4528998	ERR4065490
ERS2200179	ERR2299807
ERS2200180	ERR2299808
ERS2200178	ERR2299806
ERS4398261	ERR4000686
ERS4398261	ERR4000687
ERS4398261	ERR4000688
ERS4398261	ERR4000689
ERS4398261	ERR4000690
ERS4410876	ERR4000692
ERS4410876	ERR4000693
ERS4410876	ERR4000694
ERS4410876	ERR4000691
ERS4398262	ERR4000695
ERS4398262	ERR4000696
ERS4398263	ERR4000697
ERS4398263	ERR4000698
ERS4398263	ERR4000699
ERS4398263	ERR4000700
ERS4398260	ERR4000685
ERS1266114	ERR1546642
ERS1266114	ERR1546643
ERS3465379	ERR3341157
ERS3465379	ERR3341158
ERS3465379	ERR3341159
ERS3465379	ERR3341160
ERS3465379	ERR3341161
ERS3465379	ERR3341162
ERS3465379	ERR3341163
ERS3465379	ERR3341164
ERS3465379	ERR3341165
ERS3465379	ERR3341166
ERS3465379	ERR3341167
ERS3465379	ERR3341156
ERS3465380	ERR3341117
ERS3465380	ERR3341168
ERS3465381	ERR3341169
ERS3465381	ERR3341170
ERS3465381	ERR3341171
ERS3465381	ERR3341172
ERS3465381	ERR3341173
ERS3465381	ERR3341174
ERS3465381	ERR3341175
ERS3465381	ERR3341176
ERS3465381	ERR3341177
ERS3465381	ERR3341178
ERS3465381	ERR3341179
ERS3465381	ERR3341180
ERS3465382	ERR3341118
ERS3465383	ERR3341119
ERS3465383	ERR3341120
ERS3465384	ERR3341121
ERS3465384	ERR3341122
ERS3465385	ERR3341123
ERS3465386	ERR3341124
ERS3465386	ERR3341125
ERS3465387	ERR3341126
ERS3465388	ERR3341127
ERS3465388	ERR3341128
ERS3465389	ERR3341129
ERS3465390	ERR3341130
ERS3465390	ERR3341131
ERS3465391	ERR3341132
ERS3465391	ERR3341133
ERS3465392	ERR3341134
ERS3465392	ERR3341135
ERS3465393	ERR3341136
ERS3465394	ERR3341137
ERS3465394	ERR3341138
ERS3465395	ERR3341139
ERS3465395	ERR3341140
ERS3465396	ERR3341141
ERS3465397	ERR3341181
ERS3465397	ERR3341182
ERS3465397	ERR3341183
ERS3465397	ERR3341184
ERS3465397	ERR3341185
ERS3465397	ERR3341186
ERS3465397	ERR3341187
ERS3465397	ERR3341188
ERS3465397	ERR3341189
ERS3465397	ERR3341190
ERS3465397	ERR3341191
ERS3465397	ERR3341192
ERS3465398	ERR3341142
ERS3465398	ERR3341143
ERS3465399	ERR3341193
ERS3465399	ERR3341194
ERS3465399	ERR3341195
ERS3465399	ERR3341196
ERS3465399	ERR3341197
ERS3465399	ERR3341198
ERS3465399	ERR3341199
ERS3465399	ERR3341200
ERS3465399	ERR3341201
ERS3465399	ERR3341202
ERS3465399	ERR3341203
ERS3465399	ERR3341204
ERS3465400	ERR3341205
ERS3465400	ERR3341206
ERS3465400	ERR3341207
ERS3465400	ERR3341208
ERS3465400	ERR3341209
ERS3465400	ERR3341210
ERS3465400	ERR3341211
ERS3465400	ERR3341212
ERS3465400	ERR3341213
ERS3465400	ERR3341214
ERS3465400	ERR3341215
ERS3465400	ERR3341216
ERS3465401	ERR3341144
ERS3465401	ERR3341145
ERS3465402	ERR3341217
ERS3465402	ERR3341218
ERS3465402	ERR3341219
ERS3465402	ERR3341220
ERS3465402	ERR3341221
ERS3465402	ERR3341222
ERS3465402	ERR3341223
ERS3465402	ERR3341224
ERS3465402	ERR3341225
ERS3465402	ERR3341226
ERS3465402	ERR3341227
ERS3465402	ERR3341228
ERS3465404	ERR3341146
ERS3465404	ERR3341229
ERS3465405	ERR3341147
ERS3465405	ERR3341230
ERS3465406	ERR3341148
ERS3465406	ERR3341231
ERS3465407	ERR3341149
ERS3465407	ERR3341232
ERS3465408	ERR3341150
ERS3465408	ERR3341233
ERS3465409	ERR3341151
ERS3465409	ERR3341234
ERS3465410	ERR3341152
ERS3465411	ERR3341153
ERS3465411	ERR3341235
ERS3465403	ERR3341154
ERS3465403	ERR3341236
ERS3465412	ERR3341155
ERS3465412	ERR3341237
ERS2484289	
ERS2484292	
ERS2484298	
ERS2484294	
ERS2484293	
ERS2484290	
ERS2484295	
ERS2484297	
ERS2484296	
ERS2484291	
ERS1020860	ERR1193537
ERS1020860	ERR1193532
ERS1020861	ERR1193533
ERS1020861	ERR1193538
ERS1020862	ERR1193534
ERS1020862	ERR1193539
ERS1020863	ERR1193535
ERS1020863	ERR1193540
ERS1020864	ERR1193536
ERS1020864	ERR1193541
ERS2020211	ERR2204587
ERS2020211	ERR2204588
ERS2020211	ERR2204589
ERS2020211	ERR2204590
ERS2020211	ERR2204627
ERS2020212	ERR2204591
ERS2020212	ERR2204592
ERS2020212	ERR2204628
ERS2020212	ERR2204664
ERS2020212	ERR2204665
ERS2020212	ERR2204666
ERS2020212	ERR2204667
ERS2020215	ERR2204593
ERS2020215	ERR2204594
ERS2020215	ERR2204595
ERS2020215	ERR2204596
ERS2020215	ERR2204631
ERS2020221	ERR2204597
ERS2020221	ERR2204598
ERS2020221	ERR2204638
ERS2020221	ERR2204668
ERS2020221	ERR2204669
ERS2020221	ERR2204670
ERS2020221	ERR2204671
ERS2020226	ERR2204609
ERS2020226	ERR2204610
ERS2020226	ERR2204643
ERS2020226	ERR2204672
ERS2020226	ERR2204673
ERS2020226	ERR2204674
ERS2020226	ERR2204675
ERS2020227	ERR2204611
ERS2020227	ERR2204612
ERS2020227	ERR2204613
ERS2020227	ERR2204614
ERS2020227	ERR2204644
ERS2020228	ERR2204615
ERS2020228	ERR2204616
ERS2020228	ERR2204645
ERS2020228	ERR2204676
ERS2020228	ERR2204677
ERS2020228	ERR2204678
ERS2020228	ERR2204679
ERS2020229	ERR2204617
ERS2020229	ERR2204618
ERS2020229	ERR2204646
ERS2020229	ERR2204680
ERS2020229	ERR2204681
ERS2020229	ERR2204682
ERS2020229	ERR2204683
ERS2020230	ERR2204619
ERS2020230	ERR2204620
ERS2020230	ERR2204647
ERS2020230	ERR2204684
ERS2020230	ERR2204685
ERS2020230	ERR2204686
ERS2020230	ERR2204687
ERS2020231	ERR2204621
ERS2020231	ERR2204622
ERS2020231	ERR2204648
ERS2020231	ERR2204688
ERS2020231	ERR2204689
ERS2020231	ERR2204690
ERS2020231	ERR2204691
ERS4278128	ERR3858142
ERS4278129	ERR3858143
ERS4278130	ERR3858144
ERS4278128	ERR3858142
ERS4278129	ERR3858143
ERS4278130	ERR3858144
ERS430636	ERR472949
ERS563413	ERR651008
ERS563414	ERR651009
ERS563415	ERR651010
ERS563404	ERR650569
ERS563405	ERR651000
ERS563406	ERR651001
ERS563407	ERR651002
ERS563385	ERR650981
ERS563386	ERR650982
ERS563387	ERR650983
ERS563382	ERR650978
ERS563383	ERR650979
ERS563408	ERR651003
ERS563378	ERR650974
ERS563379	ERR650975
ERS563409	ERR651004
ERS3037135	ERR3649966
ERS3037137	ERR3649967
ERS3037139	ERR3650017
ERS3037136	ERR3650065
ERS3037140	ERR3650068
ERS3037138	ERR3650072
ERS3037141	ERR3651363
ERS3908875	ERR3611144
ERS3908876	ERR3611145
ERS3908877	ERR3611146
ERS3369379	ERR3280963
ERS3369380	ERR3280964
ERS3369382	ERR3280966
ERS3369383	ERR3280967
ERS2865269	ERR2862153
ERS2865269	ERR2862152
ERS2865271	ERR2862150
ERS2865271	ERR2862151
ERS2865270	ERR2862148
ERS2865270	ERR2862149
ERS2865268	ERR2862147
ERS2865267	ERR2862146
ERS1124787	ERR1368878
ERS1124788	ERR1368865
ERS1124788	ERR1368866
ERS1124788	ERR1368867
ERS1124788	ERR1368868
ERS1124790	ERR1368855
ERS1124790	ERR1368856
ERS1124790	ERR1368857
ERS1124790	ERR1368858
ERS1124790	ERR1368859
ERS1124790	ERR1368860
ERS1124790	ERR1368861
ERS1124790	ERR1368862
ERS1124790	ERR1368863
ERS1124790	ERR1368864
ERS1124789	ERR1368869
ERS1124789	ERR1368870
ERS1124789	ERR1368871
ERS1124789	ERR1368872
ERS1124789	ERR1368873
ERS1124789	ERR1368874
ERS1124789	ERR1368875
ERS1124789	ERR1368876
ERS1124789	ERR1368877
ERS3607398	ERR3457591
ERS3607398	ERR3457862
ERS3607393	ERR3457584
ERS3607393	ERR3457585
ERS3607393	ERR3457586
ERS3607393	ERR3457857
ERS3607393	ERR3457583
ERS3607392	ERR3457582
ERS3607392	ERR3457856
ERS3607394	ERR3457587
ERS3607394	ERR3457858
ERS3607391	ERR3457581
ERS3607391	ERR3457855
ERS3607395	ERR3457588
ERS3607395	ERR3457859
ERS3607396	ERR3457589
ERS3607396	ERR3457860
ERS3607397	ERR3457590
ERS3607397	ERR3457861
ERS3607399	ERR3457592
ERS3607399	ERR3457863
ERS3607400	ERR3457593
ERS3607400	ERR3457864
ERS3607401	ERR3457594
ERS3607401	ERR3457595
ERS3607401	ERR3457596
ERS3607401	ERR3457597
ERS3607401	ERR3457598
ERS3607401	ERR3457599
ERS3607401	ERR3457600
ERS3607401	ERR3457601
ERS3607401	ERR3457602
ERS3607401	ERR3457603
ERS3607401	ERR3457604
ERS3607401	ERR3457605
ERS3607402	ERR3457606
ERS3607402	ERR3457607
ERS3607402	ERR3457608
ERS3607402	ERR3457609
ERS3607402	ERR3457610
ERS3607402	ERR3457611
ERS3607402	ERR3457612
ERS3607402	ERR3457613
ERS3607402	ERR3457614
ERS3607402	ERR3457615
ERS3607402	ERR3457616
ERS3607402	ERR3457617
ERS3607403	ERR3457618
ERS3607403	ERR3457619
ERS3607403	ERR3457620
ERS3607403	ERR3457621
ERS3607403	ERR3457622
ERS3607403	ERR3457623
ERS3607403	ERR3457624
ERS3607403	ERR3457625
ERS3607403	ERR3457626
ERS3607403	ERR3457627
ERS3607403	ERR3457628
ERS3607403	ERR3457629
ERS3607406	ERR3457866
ERS3607406	ERR3457643
ERS3607404	ERR3457630
ERS3607404	ERR3457631
ERS3607404	ERR3457632
ERS3607404	ERR3457633
ERS3607404	ERR3457634
ERS3607404	ERR3457635
ERS3607404	ERR3457636
ERS3607404	ERR3457637
ERS3607404	ERR3457638
ERS3607404	ERR3457639
ERS3607404	ERR3457640
ERS3607404	ERR3457641
ERS3607405	ERR3457865
ERS3607405	ERR3457642
ERS3607408	ERR3457867
ERS3607408	ERR3457656
ERS3607409	ERR3457868
ERS3607410	ERR3457657
ERS3607410	ERR3457869
ERS3607419	ERR3457754
ERS3607419	ERR3457755
ERS3607419	ERR3457756
ERS3607419	ERR3457757
ERS3607419	ERR3457758
ERS3607419	ERR3457759
ERS3607419	ERR3457760
ERS3607419	ERR3457761
ERS3607419	ERR3457762
ERS3607419	ERR3457763
ERS3607419	ERR3457764
ERS3607419	ERR3457765
ERS3607422	ERR3457790
ERS3607422	ERR3457791
ERS3607422	ERR3457792
ERS3607422	ERR3457793
ERS3607422	ERR3457794
ERS3607422	ERR3457795
ERS3607422	ERR3457796
ERS3607422	ERR3457797
ERS3607422	ERR3457798
ERS3607422	ERR3457799
ERS3607422	ERR3457800
ERS3607422	ERR3457801
ERS3607423	ERR3457802
ERS3607423	ERR3457803
ERS3607423	ERR3457804
ERS3607423	ERR3457805
ERS3607423	ERR3457806
ERS3607423	ERR3457807
ERS3607423	ERR3457808
ERS3607423	ERR3457809
ERS3607423	ERR3457810
ERS3607423	ERR3457811
ERS3607423	ERR3457812
ERS3607423	ERR3457813
ERS3607421	ERR3457778
ERS3607421	ERR3457779
ERS3607421	ERR3457780
ERS3607421	ERR3457781
ERS3607421	ERR3457782
ERS3607421	ERR3457783
ERS3607421	ERR3457784
ERS3607421	ERR3457785
ERS3607421	ERR3457786
ERS3607421	ERR3457787
ERS3607421	ERR3457788
ERS3607421	ERR3457789
ERS3607414	ERR3457694
ERS3607414	ERR3457695
ERS3607414	ERR3457696
ERS3607414	ERR3457697
ERS3607414	ERR3457698
ERS3607414	ERR3457699
ERS3607414	ERR3457700
ERS3607414	ERR3457701
ERS3607414	ERR3457702
ERS3607414	ERR3457703
ERS3607414	ERR3457704
ERS3607414	ERR3457705
ERS3607411	ERR3457658
ERS3607411	ERR3457659
ERS3607411	ERR3457660
ERS3607411	ERR3457661
ERS3607411	ERR3457662
ERS3607411	ERR3457663
ERS3607411	ERR3457664
ERS3607411	ERR3457665
ERS3607411	ERR3457666
ERS3607411	ERR3457667
ERS3607411	ERR3457668
ERS3607411	ERR3457669
ERS3607415	ERR3457706
ERS3607415	ERR3457707
ERS3607415	ERR3457708
ERS3607415	ERR3457709
ERS3607415	ERR3457710
ERS3607415	ERR3457711
ERS3607415	ERR3457712
ERS3607415	ERR3457713
ERS3607415	ERR3457714
ERS3607415	ERR3457715
ERS3607415	ERR3457716
ERS3607415	ERR3457717
ERS3607418	ERR3457742
ERS3607418	ERR3457743
ERS3607418	ERR3457744
ERS3607418	ERR3457745
ERS3607418	ERR3457746
ERS3607418	ERR3457747
ERS3607418	ERR3457748
ERS3607418	ERR3457749
ERS3607418	ERR3457750
ERS3607418	ERR3457751
ERS3607418	ERR3457752
ERS3607418	ERR3457753
ERS3607416	ERR3457718
ERS3607416	ERR3457719
ERS3607416	ERR3457720
ERS3607416	ERR3457721
ERS3607416	ERR3457722
ERS3607416	ERR3457723
ERS3607416	ERR3457724
ERS3607416	ERR3457725
ERS3607416	ERR3457726
ERS3607416	ERR3457727
ERS3607416	ERR3457728
ERS3607416	ERR3457729
ERS3607412	ERR3457670
ERS3607412	ERR3457671
ERS3607412	ERR3457672
ERS3607412	ERR3457673
ERS3607412	ERR3457674
ERS3607412	ERR3457675
ERS3607412	ERR3457676
ERS3607412	ERR3457677
ERS3607412	ERR3457678
ERS3607412	ERR3457679
ERS3607412	ERR3457680
ERS3607412	ERR3457681
ERS3607425	ERR3457826
ERS3607425	ERR3457827
ERS3607425	ERR3457828
ERS3607425	ERR3457829
ERS3607425	ERR3457830
ERS3607425	ERR3457831
ERS3607425	ERR3457832
ERS3607425	ERR3457833
ERS3607425	ERR3457834
ERS3607425	ERR3457835
ERS3607425	ERR3457836
ERS3607425	ERR3457837
ERS3607424	ERR3457814
ERS3607424	ERR3457815
ERS3607424	ERR3457816
ERS3607424	ERR3457817
ERS3607424	ERR3457818
ERS3607424	ERR3457819
ERS3607424	ERR3457820
ERS3607424	ERR3457821
ERS3607424	ERR3457822
ERS3607424	ERR3457823
ERS3607424	ERR3457824
ERS3607424	ERR3457825
ERS3607413	ERR3457682
ERS3607413	ERR3457683
ERS3607413	ERR3457684
ERS3607413	ERR3457685
ERS3607413	ERR3457686
ERS3607413	ERR3457687
ERS3607413	ERR3457688
ERS3607413	ERR3457689
ERS3607413	ERR3457690
ERS3607413	ERR3457691
ERS3607413	ERR3457692
ERS3607413	ERR3457693
ERS3607420	ERR3457766
ERS3607420	ERR3457767
ERS3607420	ERR3457768
ERS3607420	ERR3457769
ERS3607420	ERR3457770
ERS3607420	ERR3457771
ERS3607420	ERR3457772
ERS3607420	ERR3457773
ERS3607420	ERR3457774
ERS3607420	ERR3457775
ERS3607420	ERR3457776
ERS3607420	ERR3457777
ERS3607417	ERR3457730
ERS3607417	ERR3457731
ERS3607417	ERR3457732
ERS3607417	ERR3457733
ERS3607417	ERR3457734
ERS3607417	ERR3457735
ERS3607417	ERR3457736
ERS3607417	ERR3457737
ERS3607417	ERR3457738
ERS3607417	ERR3457739
ERS3607417	ERR3457740
ERS3607417	ERR3457741
ERS3607426	ERR3457838
ERS3607426	ERR3457839
ERS3607426	ERR3457840
ERS3607426	ERR3457841
ERS3607426	ERR3457842
ERS3607426	ERR3457843
ERS1574242	ERR1883928
ERS1574242	ERR1883929
ERS1574242	ERR1883976
ERS1574242	ERR1883977
ERS1574242	ERR1884067
ERS1574242	ERR1884068
ERS1574242	ERR1884069
ERS1574242	ERR1884070
ERS1574242	ERR1884147
ERS1574242	ERR1884148
ERS1574227	ERR1883912
ERS1574227	ERR1884034
ERS1574227	ERR1884035
ERS1574227	ERR1884135
ERS1574227	ERR1884136
ERS1574227	ERR1884178
ERS1574227	ERR1884179
ERS1574227	ERR1884180
ERS1574247	ERR1880929
ERS1574247	ERR1883819
ERS1574247	ERR1883830
ERS1574247	ERR1883841
ERS1574247	ERR1883842
ERS1574247	ERR1883871
ERS1574247	ERR1883872
ERS1574247	ERR1883895
ERS1574247	ERR1884218
ERS1574249	ERR1880930
ERS1574249	ERR1883820
ERS1574249	ERR1883831
ERS1574249	ERR1883843
ERS1574249	ERR1883844
ERS1574249	ERR1883845
ERS1574249	ERR1883846
ERS1574249	ERR1883873
ERS1574249	ERR1883874
ERS1574249	ERR1884219
ERS1574253	ERR1880932
ERS1574253	ERR1883823
ERS1574253	ERR1883833
ERS1574253	ERR1883849
ERS1574253	ERR1883850
ERS1574253	ERR1883877
ERS1574253	ERR1883878
ERS1574253	ERR1883896
ERS1574253	ERR1884221
ERS1574254	ERR1883859
ERS1574254	ERR1883879
ERS1574254	ERR1883880
ERS1574254	ERR1884222
ERS1574254	ERR1884223
ERS1574259	ERR1883826
ERS1574259	ERR1883861
ERS1574259	ERR1883885
ERS1574259	ERR1883886
ERS1574259	ERR1883887
ERS1574259	ERR1883888
ERS1574259	ERR1884152
ERS1574259	ERR1884226
ERS1574262	ERR1883862
ERS1574262	ERR1883889
ERS1574262	ERR1883890
ERS1574262	ERR1884227
ERS1574262	ERR1884228
ERS1574217	ERR1883904
ERS1574217	ERR1884018
ERS1574217	ERR1884019
ERS1574217	ERR1884131
ERS1574217	ERR1884132
ERS1574219	ERR1883905
ERS1574219	ERR1883906
ERS1574219	ERR1883961
ERS1574219	ERR1883962
ERS1574219	ERR1884020
ERS1574219	ERR1884021
ERS1574219	ERR1884022
ERS1574219	ERR1884023
ERS1574219	ERR1884133
ERS4982024	ERR4494968
ERS4982025	ERR4494969
ERS4982023	ERR4494970
ERS4982027	ERR4494971
ERS4982028	ERR4494972
ERS4982026	ERR4494973
ERS4982029	ERR4494974
ERS4982032	ERR4494975
ERS4982033	ERR4494976
ERS4982034	ERR4494977
ERS4982035	ERR4494978
ERS4982036	ERR4494979
ERS4982037	ERR4494980
ERS4982038	ERR4494981
ERS4982039	ERR4494982
ERS4982040	ERR4494983
ERS4982041	ERR4494984
ERS4982042	ERR4494985
ERS4982043	ERR4494987
ERS4982044	ERR4494988
ERS4982045	ERR4494989
ERS4982046	ERR4494990
ERS4982047	ERR4494991
ERS4982048	ERR4494992
ERS4982049	ERR4494993
ERS4982050	ERR4494994
ERS4982052	ERR4494995
ERS4982051	ERR4494996
ERS4982030	ERR4495102
ERS4982031	ERR4495103
ERS4982084	ERR4495008
ERS4982081	ERR4495025
ERS4982082	ERR4495026
ERS4982083	ERR4495027
ERS4982086	ERR4495028
ERS4982087	ERR4495029
ERS4982085	ERR4495030
ERS4982089	ERR4495031
ERS4982090	ERR4495032
ERS4982088	ERR4495033
ERS4982091	ERR4495034
ERS4982092	ERR4495035
ERS4982093	ERR4495036
ERS4982094	ERR4495037
ERS4982095	ERR4495038
ERS4982096	ERR4495039
ERS4982097	ERR4495040
ERS4982098	ERR4495041
ERS4982099	ERR4495042
ERS4982100	ERR4495043
ERS4982101	ERR4495044
ERS4982102	ERR4495045
ERS4982103	ERR4495046
ERS4982104	ERR4495047
ERS4982105	ERR4495048
ERS4982106	ERR4495049
ERS4982107	ERR4495050
ERS4982108	ERR4495051
ERS4982109	ERR4495052
ERS4982110	ERR4495098
ERS4982113	ERR4495099
ERS4982112	ERR4495100
ERS4982111	ERR4495101
ERS4982054	ERR4494997
ERS4982053	ERR4495000
ERS4982055	ERR4494998
ERS4982056	ERR4494999
ERS4982057	ERR4495001
ERS4982058	ERR4495002
ERS4982059	ERR4495003
ERS4982060	ERR4495004
ERS4982061	ERR4495005
ERS4982062	ERR4495006
ERS4982063	ERR4495007
ERS4982064	ERR4495104
ERS4982065	ERR4495009
ERS4982066	ERR4495010
ERS4982067	ERR4495011
ERS4982068	ERR4495012
ERS4982069	ERR4495013
ERS4982070	ERR4495014
ERS4982071	ERR4495015
ERS4982072	ERR4495016
ERS4982073	ERR4495017
ERS4982074	ERR4495018
ERS4982075	ERR4495019
ERS4982076	ERR4495020
ERS4982077	ERR4495021
ERS4982078	ERR4495022
ERS4982079	ERR4495024
ERS4982080	ERR4495023
ERS241528	ERR267866
ERS241528	ERR267867
ERS241529	ERR267869
ERS241529	ERR267868
ERS788351	ERR957324
ERS241530	ERR267870
ERS241530	ERR267871
ERS241531	ERR267872
ERS241531	ERR267873
ERS241532	ERR267875
ERS241532	ERR267944
ERS241532	ERR330058
ERS241533	ERR267877
ERS241533	ERR267876
ERS241534	ERR267878
ERS241534	ERR267879
ERS241535	ERR267880
ERS241535	ERR267881
ERS241535	ERR267945
ERS241536	ERR267882
ERS241536	ERR267883
ERS241537	ERR267884
ERS241537	ERR267885
ERS241538	ERR267886
ERS241538	ERR267887
ERS241539	ERR267888
ERS241539	ERR267889
ERS241539	ERR267946
ERS241539	ERR267947
ERS241539	ERR267948
ERS241540	ERR267890
ERS241540	ERR267891
ERS241541	ERR267892
ERS241541	ERR267893
ERS241541	ERR267949
ERS241542	ERR267894
ERS241542	ERR267895
SRS418847	
ERS3635976	ERR4374948
ERS3636087	ERR4375144
ERS3636088	ERR4383828
ERS3636089	ERR4383829
ERS3636018	ERR4374011
ERS3636097	ERR4386594
ERS3636099	ERR4388102
ERS3636100	ERR4388107
ERS3636098	ERR4388231
ERS3636101	ERR4388236
ERS3636093	ERR4384927
ERS3636094	ERR4385800
ERS3636095	ERR4385809
ERS3636096	ERR4386569
ERS3636025	ERR4374008
ERS4266556	ERR3841655
ERS4266549	ERR3841646
ERS4266549	ERR3841647
ERS5071778	ERR4626674
ERS5071779	ERR4626675
ERS5071780	ERR4626676
ERS5071772	ERR4626677
ERS5071781	ERR4626678
ERS5071782	ERR4626682
ERS5071783	ERR4626683
ERS5071773	ERR4626684
ERS5071784	ERR4626685
ERS5071785	ERR4626686
ERS5071786	ERR4626687
ERS5071787	ERR4626688
ERS5071774	ERR4626689
ERS5071788	ERR4624258
ERS5071789	ERR4624259
ERS5071790	ERR4624261
ERS5071775	ERR4624266
ERS5071791	ERR4624268
ERS5071792	ERR4624269
ERS5071793	ERR4624301
ERS5071794	ERR4626656
ERS5071796	ERR4626668
ERS5071795	ERR4626667
ERS5071796	ERR4626668
ERS5071797	ERR4626669
ERS5071770	ERR4626670
ERS5071771	ERR4626671
ERS5071777	ERR4626673
ERS2470993	ERR2570893
ERS2470993	ERR2570896
ERS2470993	ERR2570897
ERS2470993	ERR2570898
ERS2470993	ERR2570899
ERS2470993	ERR2570900
ERS2470993	ERR2570901
ERS2470993	ERR2570902
ERS2470993	ERR2570903
ERS2470993	ERR2570904
ERS2470993	ERR2570905
ERS2470993	ERR2570906
ERS2470993	ERR2570907
ERS2470994	ERR2570894
ERS2470994	ERR2570920
ERS2470994	ERR2570921
ERS2470994	ERR2570922
ERS2470994	ERR2570923
ERS2470994	ERR2570924
ERS2470994	ERR2570925
ERS2470994	ERR2570926
ERS2470994	ERR2570927
ERS2470994	ERR2570928
ERS2470994	ERR2570929
ERS2470994	ERR2570930
ERS2470994	ERR2570931
ERS2470995	ERR2570908
ERS2470995	ERR2570909
ERS2470995	ERR2570910
ERS2470995	ERR2570911
ERS2470995	ERR2570912
ERS2470995	ERR2570913
ERS2470995	ERR2570914
ERS2470995	ERR2570915
ERS2470995	ERR2570916
ERS2470995	ERR2570917
ERS2470995	ERR2570918
ERS2470995	ERR2570919
ERS2470995	ERR2570895
ERS3935826	ERR4337434
ERS3935827	ERR4337440
ERS3935828	ERR4337442
ERS39358269	
ERS3935830	ERR4337444
ERS3935831	ERR4337445
ERS5113011	ERR4656612
ERS942272	ERR1094784
ERS942281	ERR1094793
ERS942282	ERR1094794
ERS942276	ERR1094788
ERS942272	ERR1094784
ERS942281	ERR1094793
ERS942282	ERR1094794
ERS942276	ERR1094788
